"ID","Type","Category","Amount","Date","Note","PaymentMethod","IsRecurring","RecurringInterval"
"c545f520-9ce5-43b9-8507-2a0d12950919","Expense","Groceries",34.68,"2026-08-24 13:23:09","Restaurant","Card",false,"One-time"
"c4034cb1-cfb9-442e-bb77-4defbe24cf90","Expense","Food",13.36,"2026-08-24 04:02:08","Snacks","Bank Transfer",false,"One-time"
"21479176-dbaf-4462-b3cd-2acb6f1ae27b","Expense","Food",22.05,"2026-08-23 23:33:16","Snacks","Bank Transfer",false,"One-time"
"d4826df2-5f25-4cf8-b79f-5bcb5ed1149c","Expense","Transport",2.11,"2026-08-22 19:12:04","Metro ride","Cash",false,"One-time"
"d305ed11-e781-45f0-a5f0-0243ccc7d47d","Expense","Transport",4.46,"2026-08-22 09:39:52","Auto ride","Cash",false,"One-time"
"779ad0dd-d10f-44aa-93d0-49ada7053d70","Expense","Transport",2.37,"2026-08-21 17:07:01","Bus ride","Card",false,"One-time"
"6205c155-9ac5-442e-9be0-82a0e3364e3d","Expense","Transport",9.02,"2026-08-21 09:01:19","Metro ride","Card",false,"One-time"
"7d61b390-f055-4438-8157-7c5f2aec4cee","Expense","Food",5.03,"2026-08-21 07:52:13","Snacks","Bank Transfer",false,"One-time"
"e3835c87-f171-4061-9585-9db9355c975e","Expense","Groceries",76.28,"2026-08-21 06:12:45","Mess meal","Bank Transfer",false,"One-time"
"b14fa1b1-e343-48ee-a6ce-b63d6ad2ee37","Expense","Food",19.44,"2026-08-20 11:20:05","Groceries","Bank Transfer",false,"One-time"
"a16fddc7-0568-4a8d-8c38-1fb20c7a1b0f","Expense","Groceries",79.48,"2026-08-20 10:19:46","Restaurant","Bank Transfer",false,"One-time"
"089f4d60-4b24-46bf-900d-6ec0d7aa1718","Expense","Transport",2.44,"2026-08-20 03:24:24","Bus ride","Cash",false,"One-time"
"5d26f197-ec6c-4bfa-92e0-1e53ffbbd067","Expense","Food",22.58,"2026-08-19 06:37:44","Groceries","Bank Transfer",false,"One-time"
"7f0a1c40-7a90-4e05-9fa2-568d0d98568f","Expense","Transport",7.68,"2026-08-15 20:25:06","Metro ride","Cash",false,"One-time"
"923bb071-1d10-4086-a507-2a368b280974","Expense","Food",8.34,"2026-08-14 16:59:32","Snacks","Bank Transfer",false,"One-time"
"30cea08b-2e3c-4935-85ed-63de2947039b","Expense","Food",23.22,"2026-08-12 11:28:40","Mess meal","Card",false,"One-time"
"30a485c0-66a8-4e3d-bf5f-53175fb5930b","Expense","Transport",3.01,"2026-08-12 02:57:02","Metro ride","Bank Transfer",false,"One-time"
"fed447dd-b948-47d5-8f15-82e6547eddc0","Expense","Transport",18.76,"2026-08-11 19:11:43","Taxi ride","Bank Transfer",false,"One-time"
"878acee2-237c-49c9-a0d1-0eeb24b5bc86","Expense","Transport",6.12,"2026-08-11 15:09:15","Bus ride","Card",false,"One-time"
"c9f17be6-c9dd-44a3-a622-ab7dab80b381","Expense","Utilities",92.4,"2026-08-11 10:23:47","Electricity, water, internet","Bank Transfer",true,"Monthly"
"5659deee-d25a-41ad-8f4c-ea66644c13e3","Expense","Food",21.48,"2026-08-10 10:03:40","Restaurant","Bank Transfer",false,"One-time"
"9f599f84-3220-4bb7-bbf7-97d8c88a7041","Expense","Food",21.34,"2026-08-09 20:40:38","Restaurant","Card",false,"One-time"
"eedef924-28d0-40d6-ac2e-5003490100e6","Expense","Food",5.91,"2026-08-09 17:07:10","Restaurant","Card",false,"One-time"
"b70da8c4-6742-4000-94b4-db165a12bed6","Expense","Transport",8.39,"2026-08-09 15:42:23","Auto ride","Bank Transfer",false,"One-time"
"b0a38e94-9d96-40df-ac92-22c24598abab","Expense","Groceries",37.78,"2026-08-09 06:37:40","Restaurant","Bank Transfer",false,"One-time"
"6e101e33-5f4b-4bb8-ac68-11ef43bf9f81","Expense","Food",19.45,"2026-08-09 05:16:01","Groceries","Bank Transfer",false,"One-time"
"5fe5c16d-3c5b-4e85-a9df-9f114bbe450e","Expense","Transport",8.24,"2026-08-09 04:40:38","Bus ride","Cash",false,"One-time"
"14e1382b-afa2-4171-b7de-ea8eff1d2660","Expense","Transport",5.68,"2026-08-08 21:24:43","Bus ride","Cash",false,"One-time"
"9d3c9a42-ed4f-4e9e-88fb-c95914d5d236","Expense","Transport",6.73,"2026-08-08 03:18:22","Bus ride","Cash",false,"One-time"
"e5b938d3-5e51-4836-b8f1-6125fb0e0483","Income","Part-time",454.88,"2026-08-07 18:24:05","Freelance project","Card",false,"One-time"
"b3b57af9-3d16-4b73-9a07-bdb13547efb3","Expense","Transport",35.39,"2026-08-07 04:30:48","Taxi ride","Card",false,"One-time"
"edbc8d85-fcd4-43db-a5a6-f4208b078836","Expense","Shopping",108.96,"2026-08-06 12:22:20","Stationery","Bank Transfer",false,"One-time"
"e0797fd4-65a8-4b26-987b-663b44ac25a5","Income","Part-time",148.14,"2026-08-05 20:47:38","Freelance project","Card",false,"One-time"
"3a4111bc-2811-45c3-b550-6cb473f88156","Income","Allowance",873.83,"2026-08-05 16:38:23","Parental support","Bank Transfer",true,"Monthly"
"822c215a-e5dd-4fce-9daf-b82775acbd88","Expense","Entertainment",82.73,"2026-08-05 12:28:46","Concert","Card",false,"One-time"
"24531be4-023b-42ee-9c42-704fe7395538","Expense","Food",20.89,"2026-08-05 09:02:36","Restaurant","Bank Transfer",false,"One-time"
"17b5726f-d7d3-476d-9390-ce3a8c8ec87e","Expense","Entertainment",38.67,"2026-08-04 18:27:46","Movie","Cash",false,"One-time"
"fdb1c7b0-a891-4805-a080-8c9ec9ee91f1","Expense","Transport",18.55,"2026-08-04 16:56:53","Taxi ride","Cash",false,"One-time"
"4174d8c6-0e63-4f0f-87e8-7b12e3e3df7f","Expense","Food",23.54,"2026-08-02 20:09:56","Snacks","Cash",false,"One-time"
"30ef59ec-65b1-40e1-898a-74c34fd3f63d","Expense","Transport",4.5,"2026-08-01 07:27:24","Metro ride","Card",false,"One-time"
"8bc39c96-de87-4f2f-9fe5-159e616bbd94","Expense","Rent",567.32,"2026-08-01 03:42:00","Monthly rent","Bank Transfer",true,"Monthly"
"3e38fd0b-2ff7-4fac-8de6-aff7a78c65fe","Income","Part-time",210.33,"2026-07-26 14:32:18","Freelance project","Card",false,"One-time"
"65707a48-c1c4-488d-baa8-72bc7b0e47c7","Expense","Transport",5.75,"2026-07-26 00:08:09","Auto ride","Bank Transfer",false,"One-time"
"9ca76624-7e00-41fe-9c1d-989dcf98ec38","Expense","Food",6.5,"2026-07-25 16:57:14","Restaurant","Bank Transfer",false,"One-time"
"3b665d93-8363-4310-9c35-e86f58aef990","Expense","Transport",7.7,"2026-07-25 13:15:39","Metro ride","Cash",false,"One-time"
"c6deddbc-7fcf-4e51-b6b8-2e3722939187","Expense","Food",17.15,"2026-07-24 21:58:52","Restaurant","Bank Transfer",false,"One-time"
"d5680a88-0b62-4f07-932d-be13d1debecb","Expense","Transport",2.44,"2026-07-24 13:00:22","Metro ride","Card",false,"One-time"
"8ee6a853-a113-4263-b60a-c4621cd06442","Expense","Transport",3.9,"2026-07-24 00:27:30","Auto ride","Cash",false,"One-time"
"a5f5024c-e9f3-4057-a7e1-af1f0430538d","Expense","Transport",5.12,"2026-07-23 20:14:14","Auto ride","Cash",false,"One-time"
"3e9c18ee-074a-4b35-b46c-6222431e9589","Income","Part-time",494.5,"2026-07-23 14:11:28","Freelance project","Card",false,"One-time"
"14e29a3b-e7ed-4ab6-adaa-dcda24c86822","Expense","Entertainment",91.08,"2026-07-23 13:15:20","Movie","Card",false,"One-time"
"4d311d7a-42ac-40a5-a3d3-13008d318dfb","Expense","Food",14.59,"2026-07-22 16:59:46","Mess meal","Card",false,"One-time"
"9b23c687-b853-4c97-9bd2-22d5b7d305c6","Expense","Transport",7.46,"2026-07-22 13:12:30","Bus ride","Bank Transfer",false,"One-time"
"4e3c0bd3-46ea-4009-9f7b-b8f4b45dde61","Expense","Food",10.8,"2026-07-22 07:53:34","Groceries","Card",false,"One-time"
"1f6f28de-90cc-4937-9a72-4fb9433a996f","Expense","Transport",2.51,"2026-07-22 06:30:42","Auto ride","Card",false,"One-time"
"986d21ad-3283-4fad-b632-c8b737d2986b","Expense","Food",23.9,"2026-07-21 02:04:46","Restaurant","Bank Transfer",false,"One-time"
"05995bdd-87c4-44ba-abfa-10e25d69df9e","Expense","Entertainment",37.89,"2026-07-21 01:19:07","Concert","Cash",false,"One-time"
"1ec791b1-8d80-4a4a-92e4-2aabd92130be","Expense","Transport",3.45,"2026-07-20 05:12:54","Metro ride","Cash",false,"One-time"
"e782e17f-0849-4fa2-a9bc-86ddaa2dc535","Expense","Transport",4.26,"2026-07-18 15:51:43","Metro ride","Card",false,"One-time"
"9b8de275-f823-4270-a893-09f97357ae0a","Expense","Transport",18.29,"2026-07-17 23:59:47","Taxi ride","Cash",false,"One-time"
"729144ea-c532-48a1-ab21-fe347c6e1047","Expense","Groceries",32.87,"2026-07-17 01:59:29","Mess meal","Bank Transfer",false,"One-time"
"e6ed1882-1496-432d-9274-2a8c7e2837f4","Expense","Transport",3.42,"2026-07-16 00:09:49","Auto ride","Card",false,"One-time"
"f958d24a-12f3-49fd-8604-0e51870510db","Expense","Food",5.1,"2026-07-15 10:19:22","Restaurant","Card",false,"One-time"
"464547cd-fc47-4642-b3c5-4fe36f07a85d","Income","Part-time",469.52,"2026-07-14 16:45:56","Freelance project","Card",false,"One-time"
"6b3394ef-343f-4b81-a5ad-17858df1f18a","Expense","Utilities",62.11,"2026-07-13 18:47:17","Electricity, water, internet","Bank Transfer",true,"Monthly"
"0ea0e579-5ea9-4138-b598-5ab08245711c","Expense","Transport",5.12,"2026-07-13 01:17:12","Metro ride","Bank Transfer",false,"One-time"
"f52dece8-8a4a-43c8-a31b-305da31c5284","Expense","Transport",6.06,"2026-07-12 09:23:27","Metro ride","Card",false,"One-time"
"d06b0bb5-d9d7-4c2a-afc0-17b2505d8f24","Expense","Groceries",38.52,"2026-07-12 01:27:31","Mess meal","Card",false,"One-time"
"2f9066e3-7f1d-4d89-b0ce-eeaca1e4f694","Expense","Groceries",39.88,"2026-07-12 00:06:27","Restaurant","Card",false,"One-time"
"7a174bfc-8046-448d-a0b5-5bc65f718ceb","Expense","Food",13.13,"2026-07-10 20:54:05","Snacks","Cash",false,"One-time"
"d88aa509-2b4d-4ab3-8b0c-93572b1e0706","Expense","Groceries",40.87,"2026-07-09 06:00:47","Snacks","Bank Transfer",false,"One-time"
"e535d630-ccdd-4722-aed8-5db098087710","Expense","Transport",9.95,"2026-07-08 08:49:07","Auto ride","Cash",false,"One-time"
"b6a8ab86-4464-4203-ad4b-653e5599cf92","Expense","Transport",5.15,"2026-07-08 01:43:53","Auto ride","Bank Transfer",false,"One-time"
"2ff55f6e-9cc5-4813-9aa0-38219560108f","Expense","Transport",25.18,"2026-07-07 02:55:03","Taxi ride","Card",false,"One-time"
"d40e01b4-e08b-4151-9431-fa95501f4be4","Expense","Healthcare",63.46,"2026-07-06 08:31:23","Doctor visit / medicine","Cash",false,"One-time"
"183ba388-0fc0-4d14-bc53-f1ab2c5f8d3a","Expense","Rent",545.05,"2026-07-05 22:09:42","Monthly rent","Bank Transfer",true,"Monthly"
"b529dfa7-0f59-426c-b284-ec0059a643ea","Expense","Transport",19.05,"2026-07-04 14:42:53","Taxi ride","Card",false,"One-time"
"383c99a0-2560-4494-8190-969717e3633d","Income","Allowance",917.82,"2026-07-03 22:49:15","Parental support","Bank Transfer",true,"Monthly"
"cd48e822-dcb0-4c76-a343-6e3d16d8f203","Expense","Shopping",58.16,"2026-07-02 21:47:20","Stationery","Cash",false,"One-time"
"4580dc55-7712-4a4c-860a-a67f067add98","Expense","Transport",9.16,"2026-07-02 04:25:26","Auto ride","Cash",false,"One-time"
"19edfea9-4501-4e25-80c2-9e4c8675c5d7","Expense","Groceries",70.42,"2026-07-02 02:47:18","Mess meal","Card",false,"One-time"
"6d2e3163-5247-48fa-ac83-dfbad13d8ce6","Expense","Food",19.28,"2026-07-01 19:12:58","Snacks","Cash",false,"One-time"
"4e2f0960-3ba1-4967-9ae1-da603872a42e","Expense","Food",14.15,"2026-06-28 01:54:59","Restaurant","Bank Transfer",false,"One-time"
"7432b5c6-92ce-4586-ad0b-b081e389d9d1","Expense","Food",24.82,"2026-06-27 21:58:54","Groceries","Card",false,"One-time"
"60d13552-fad4-488f-abf6-3eec8110f58e","Expense","Food",12.24,"2026-06-26 23:12:47","Mess meal","Bank Transfer",false,"One-time"
"e626f909-312e-4cd9-b075-0b7bcb6546d9","Expense","Food",21.96,"2026-06-26 10:09:52","Restaurant","Bank Transfer",false,"One-time"
"f5eb7dc2-9783-4701-ba89-2017bf1be255","Expense","Transport",6.39,"2026-06-26 10:07:02","Metro ride","Bank Transfer",false,"One-time"
"281beb07-c032-45da-a5dd-663342114eae","Expense","Food",23.52,"2026-06-26 04:24:27","Mess meal","Card",false,"One-time"
"5676d120-2f08-411c-a769-208ffcde369c","Income","Part-time",431.1,"2026-06-24 21:54:51","Freelance project","Card",false,"One-time"
"27810411-09c1-4e4e-95c3-ccb89db344c7","Expense","Food",22.14,"2026-06-24 01:59:55","Groceries","Card",false,"One-time"
"a54f3772-1b2b-43e2-9097-adb627a0575f","Expense","Shopping",119.28,"2026-06-23 18:55:18","Clothes","Card",false,"One-time"
"a47e923e-9285-4fb2-8478-efd10066057e","Expense","Groceries",34.87,"2026-06-23 06:44:54","Snacks","Bank Transfer",false,"One-time"
"b3f861b5-e214-467c-9524-61e978dbf910","Income","Part-time",213.36,"2026-06-22 14:09:38","Freelance project","Card",false,"One-time"
"adf9f3fc-5098-47a5-8ba3-ad18472bc684","Expense","Transport",1.55,"2026-06-22 03:11:55","Metro ride","Card",false,"One-time"
"d41ea1a1-4e70-401e-b964-3e3ced67fc94","Expense","Transport",21.88,"2026-06-22 02:49:29","Taxi ride","Bank Transfer",false,"One-time"
"89cf1515-1467-4c35-a48e-e2483fe448b7","Expense","Transport",1.7,"2026-06-21 21:58:32","Metro ride","Bank Transfer",false,"One-time"
"0e290721-061c-469d-b87c-440a50d9fff7","Expense","Transport",5.07,"2026-06-21 06:45:23","Metro ride","Cash",false,"One-time"
"bbb3cfa9-f5a4-4481-8a0e-c3f65cf32cbb","Expense","Transport",7.13,"2026-06-20 17:32:13","Bus ride","Cash",false,"One-time"
"82b1d29a-dc50-439c-a554-52bcc043a12f","Expense","Transport",3.72,"2026-06-20 13:04:35","Auto ride","Bank Transfer",false,"One-time"
"1baec237-3961-428d-9eaa-f505e5b5f671","Expense","Transport",34.4,"2026-06-20 05:41:47","Taxi ride","Bank Transfer",false,"One-time"
"bd69c7d4-664b-43e5-8fed-c23cfef566fc","Expense","Transport",8.25,"2026-06-19 15:17:44","Bus ride","Cash",false,"One-time"
"6c41794b-9f1e-4984-93df-36d48e8d95be","Expense","Transport",7.9,"2026-06-18 22:52:50","Bus ride","Cash",false,"One-time"
"c76569a6-ea71-4151-8177-a395763c3354","Expense","Transport",16.65,"2026-06-18 03:43:35","Taxi ride","Bank Transfer",false,"One-time"
"7fb38acd-428d-480c-9f20-ff573f0ea506","Expense","Transport",5.1,"2026-06-17 09:23:34","Metro ride","Bank Transfer",false,"One-time"
"533a7a0d-fad0-4b0f-9866-64ebc6baf8fd","Expense","Food",16.87,"2026-06-16 05:03:07","Restaurant","Bank Transfer",false,"One-time"
"a7c098f2-ae6a-4d8c-8916-83c69daafe0c","Expense","Transport",2.2,"2026-06-15 11:00:07","Bus ride","Card",false,"One-time"
"a564c62b-8f07-4245-a4ca-6da99ad858fb","Expense","Groceries",49.55,"2026-06-14 21:30:22","Snacks","Card",false,"One-time"
"10c088ec-44a6-4804-bbf8-1eb699fcb15e","Expense","Transport",22.46,"2026-06-13 15:41:44","Taxi ride","Cash",false,"One-time"
"3b55b212-ef1c-4fef-bc9b-ef25abb1f97e","Expense","Transport",2.16,"2026-06-11 13:24:01","Metro ride","Cash",false,"One-time"
"b2716b4a-ee64-428c-a4c9-64c6cf918e44","Expense","Utilities",94.09,"2026-06-10 12:00:34","Electricity, water, internet","Bank Transfer",true,"Monthly"
"8af243a6-47af-4a3d-9001-54f8a4a9bb1e","Expense","Food",14.9,"2026-06-09 22:36:30","Groceries","Cash",false,"One-time"
"f01f5758-e1f3-4850-8fc9-1af16a0b5d8d","Expense","Transport",4.72,"2026-06-09 00:06:24","Metro ride","Cash",false,"One-time"
"6398b190-43da-4b72-8571-ecbdbb10211d","Expense","Transport",8.78,"2026-06-08 01:12:09","Auto ride","Cash",false,"One-time"
"07197104-0eac-4e44-86c1-20b6000e77fe","Expense","Transport",27.22,"2026-06-08 01:07:15","Taxi ride","Bank Transfer",false,"One-time"
"a37d90f2-b8af-48a7-8a21-aec9de88da3a","Expense","Entertainment",41.06,"2026-06-06 16:46:56","Concert","Card",false,"One-time"
"12b7189b-b8d4-40ef-90ba-9cfaf556f6d9","Expense","Transport",7.25,"2026-06-06 12:29:05","Auto ride","Bank Transfer",false,"One-time"
"2daafb70-ae40-49b1-9f9c-0cfd9f7c0008","Expense","Shopping",52.52,"2026-06-06 10:48:24","Stationery","Cash",false,"One-time"
"0b8f7c6f-2c21-4afe-80d1-21a6b62ba4c2","Expense","Transport",2.22,"2026-06-06 02:35:16","Bus ride","Cash",false,"One-time"
"47b14a1d-9f60-4177-984d-19b6b9fe34a6","Expense","Transport",3.86,"2026-06-05 19:35:13","Auto ride","Bank Transfer",false,"One-time"
"dd11ca57-e182-47ab-aea9-ac784244c4c1","Expense","Transport",5.94,"2026-06-05 18:31:44","Auto ride","Card",false,"One-time"
"f8100e1d-be98-4ce8-9741-e3d061f884a3","Expense","Transport",9.96,"2026-06-05 17:13:04","Auto ride","Bank Transfer",false,"One-time"
"f4ef524d-d748-439c-afac-88ba67dc233c","Expense","Food",22.94,"2026-06-05 14:44:30","Restaurant","Cash",false,"One-time"
"99787784-2434-41fa-9d7f-22cc04291db1","Expense","Transport",4.95,"2026-06-04 10:04:45","Metro ride","Bank Transfer",false,"One-time"
"f1e4ada2-b7b0-4b79-8294-360cc36476c3","Expense","Transport",2.74,"2026-06-03 11:58:21","Auto ride","Cash",false,"One-time"
"b72b7398-f1f3-43a9-8216-53b1777a86a2","Income","Allowance",933.72,"2026-06-03 04:52:18","Parental support","Bank Transfer",true,"Monthly"
"a0620862-1fb3-4a9d-be0b-0bb67a229267","Income","Part-time",300.95,"2026-06-02 19:20:19","Freelance project","Card",false,"One-time"
"2d7e76ff-5e5a-4754-bcb1-7b347b9d0894","Expense","Rent",563.63,"2026-06-02 16:42:38","Monthly rent","Bank Transfer",true,"Monthly"
"decdd142-bb20-4c27-ad52-780609268972","Expense","Transport",16.6,"2026-06-01 12:35:52","Taxi ride","Bank Transfer",false,"One-time"
"be05c174-a3a9-40fa-88eb-162594783081","Expense","Transport",7.1,"2026-06-01 07:19:02","Auto ride","Card",false,"One-time"
"817eb8f4-56fd-49d5-9635-964e07ae91ef","Expense","Transport",4.63,"2026-05-28 16:17:44","Metro ride","Bank Transfer",false,"One-time"
"7993699e-66bd-4ec2-ad78-05284ca9fb12","Expense","Food",20.47,"2026-05-27 15:00:06","Groceries","Bank Transfer",false,"One-time"
"99729c3e-a1ec-431e-b1f4-a6b87b390888","Expense","Entertainment",24.83,"2026-05-26 07:14:16","Movie","Card",false,"One-time"
"ea7cb2d7-a0bd-4e55-846d-cb47d9bec232","Expense","Transport",39.67,"2026-05-26 02:22:27","Taxi ride","Bank Transfer",false,"One-time"
"8a3628a1-7a0c-4f5a-90fc-f9c0004a7d47","Expense","Transport",5.2,"2026-05-25 21:44:05","Bus ride","Bank Transfer",false,"One-time"
"4713df4e-f656-4f52-ba87-b16518d2b357","Expense","Food",20.18,"2026-05-25 12:27:54","Snacks","Bank Transfer",false,"One-time"
"9cd5bdaa-e23b-43a2-9303-3c9fa87a23a4","Expense","Transport",4.65,"2026-05-25 10:38:27","Auto ride","Card",false,"One-time"
"d7cc4551-aaf1-4e84-bc24-af79ff604963","Expense","Transport",7.89,"2026-05-25 03:00:03","Auto ride","Cash",false,"One-time"
"e738ac1d-81c5-4133-a4a4-3fc097969802","Expense","Food",23.43,"2026-05-24 07:15:30","Snacks","Bank Transfer",false,"One-time"
"73f8b8d6-a680-4110-86b1-7d5a97a0e3fa","Expense","Transport",31.35,"2026-05-23 23:47:46","Taxi ride","Bank Transfer",false,"One-time"
"b952a0bf-6a2f-4841-8391-9452baed95a4","Expense","Food",10.23,"2026-05-23 21:01:44","Groceries","Bank Transfer",false,"One-time"
"d4af795c-eb93-41ac-b370-96144300d079","Expense","Food",18.93,"2026-05-23 15:40:44","Groceries","Card",false,"One-time"
"3afbb837-1aea-4289-a1ec-eda6966b8513","Expense","Food",15.37,"2026-05-23 12:25:45","Restaurant","Card",false,"One-time"
"3b13ccd4-10c5-4561-893b-644a4354defb","Expense","Transport",5.77,"2026-05-23 04:12:31","Metro ride","Cash",false,"One-time"
"166f8d7d-f099-4881-9ba5-f9a0054d6431","Expense","Transport",31.51,"2026-05-22 21:55:30","Taxi ride","Cash",false,"One-time"
"4ecc0746-294c-4606-bc2a-ec6a514ec3ef","Expense","Transport",3.29,"2026-05-22 18:50:02","Bus ride","Cash",false,"One-time"
"9b739e02-b191-45ff-8609-d3a30cbefde4","Expense","Transport",8.92,"2026-05-21 10:01:40","Auto ride","Bank Transfer",false,"One-time"
"1753aa05-286c-4ac4-802d-d05517507b0f","Expense","Transport",3.0,"2026-05-21 09:46:27","Metro ride","Cash",false,"One-time"
"5d5e3533-44b0-404f-b000-ca20fe0dfc64","Expense","Transport",5.73,"2026-05-19 22:32:02","Metro ride","Cash",false,"One-time"
"af4de42b-cd3d-4999-934a-1f70dfb1f456","Expense","Shopping",89.87,"2026-05-19 17:12:54","Stationery","Cash",false,"One-time"
"1daa42e3-f160-402d-a486-0a6d9625cafd","Expense","Groceries",77.85,"2026-05-19 05:12:48","Snacks","Bank Transfer",false,"One-time"
"41838996-e493-44e4-8491-ea512b6ddef8","Expense","Food",24.85,"2026-05-19 02:26:56","Mess meal","Card",false,"One-time"
"f64810b1-2308-4468-aa98-0029d3a9c133","Expense","Food",10.15,"2026-05-18 04:35:46","Groceries","Card",false,"One-time"
"1801b03d-ac6b-4fab-a179-111b0c4dbf65","Expense","Food",5.08,"2026-05-16 06:09:58","Snacks","Card",false,"One-time"
"6a7ad542-526b-4db1-a03c-17b070f53d94","Income","Part-time",251.09,"2026-05-16 02:23:25","Freelance project","Card",false,"One-time"
"eca007e3-b8ae-4339-bf83-811234e6610f","Income","Part-time",444.97,"2026-05-15 20:12:17","Freelance project","Card",false,"One-time"
"d97ce61f-a33d-47e0-8720-10e4846d35f1","Expense","Transport",3.21,"2026-05-15 18:52:13","Metro ride","Bank Transfer",false,"One-time"
"989853ad-78ef-46c1-80a2-d20c3b14c7f9","Expense","Groceries",68.02,"2026-05-15 13:32:39","Groceries","Cash",false,"One-time"
"21d49ca0-0bd1-4175-af87-86ee12624c9c","Expense","Groceries",33.6,"2026-05-15 09:24:35","Restaurant","Bank Transfer",false,"One-time"
"854029c4-9a85-4213-b4d2-430cbf9f10d3","Expense","Utilities",63.13,"2026-05-14 06:15:32","Electricity, water, internet","Bank Transfer",true,"Monthly"
"80e56563-8fd1-4874-b6b4-ab7e51bb40d3","Expense","Transport",1.72,"2026-05-13 23:53:56","Metro ride","Cash",false,"One-time"
"33d7da0f-3e56-464f-b4f9-8ff3819af5f2","Expense","Transport",9.42,"2026-05-13 19:33:48","Auto ride","Card",false,"One-time"
"c230a52d-89be-45cf-8568-df0c6a4f90b2","Expense","Food",12.68,"2026-05-13 13:25:47","Snacks","Bank Transfer",false,"One-time"
"6cbec1c2-a950-495b-b7de-a43e5b5d1cdf","Expense","Transport",5.38,"2026-05-12 10:51:06","Bus ride","Bank Transfer",false,"One-time"
"6e712008-a489-4b89-8daf-d12a5fdff0cf","Expense","Transport",25.0,"2026-05-11 21:28:14","Taxi ride","Bank Transfer",false,"One-time"
"6d7ea82c-2f28-4ae6-ad7a-3950f9da539a","Expense","Transport",6.97,"2026-05-11 07:59:36","Bus ride","Card",false,"One-time"
"de25fdfd-711c-40e9-8f70-4d1977ea9b97","Expense","Transport",24.46,"2026-05-11 07:23:42","Taxi ride","Cash",false,"One-time"
"15457c01-70ab-416c-b5e9-eb29b33b6133","Expense","Food",7.19,"2026-05-10 23:26:48","Snacks","Cash",false,"One-time"
"1c798d7c-0770-45ed-8673-8e320ba230e7","Expense","Transport",19.2,"2026-05-10 21:35:55","Taxi ride","Card",false,"One-time"
"c4dac85e-48ec-4b16-a646-2549b7d7bfc1","Expense","Groceries",64.95,"2026-05-09 23:13:59","Mess meal","Cash",false,"One-time"
"cd8e8b2e-562a-4a70-b2d1-4f08d44444fc","Expense","Transport",5.56,"2026-05-09 02:21:01","Metro ride","Bank Transfer",false,"One-time"
"24f54b26-df2d-4961-ae43-436eb57ef8b1","Expense","Transport",38.79,"2026-05-08 23:16:42","Taxi ride","Bank Transfer",false,"One-time"
"b34c7fe2-9da1-4b85-b30f-6311cc5a0f95","Income","Part-time",214.14,"2026-05-06 19:15:19","Freelance project","Card",false,"One-time"
"4798d271-ca03-4e13-8d9d-f1b6e0464730","Expense","Food",15.01,"2026-05-06 13:16:44","Groceries","Bank Transfer",false,"One-time"
"b6f716ca-b958-4ee1-9107-04a4ad38bc92","Expense","Transport",26.02,"2026-05-06 06:16:57","Taxi ride","Bank Transfer",false,"One-time"
"873b8ab2-0095-418d-a7c2-989e4707e98c","Expense","Shopping",152.65,"2026-05-05 10:24:36","Electronics","Card",false,"One-time"
"8d26b3fa-fd49-43c6-a0a5-90605afdad9f","Expense","Food",5.25,"2026-05-05 08:15:38","Mess meal","Bank Transfer",false,"One-time"
"f89f4855-13d0-483e-88aa-468e140979a6","Expense","Transport",7.55,"2026-05-04 23:24:18","Metro ride","Bank Transfer",false,"One-time"
"ff40a13b-1d59-4b31-8872-a6faa3e7bfec","Expense","Transport",17.26,"2026-05-04 21:08:59","Taxi ride","Bank Transfer",false,"One-time"
"4692ec3b-e3b9-4c14-881a-b6e7571830a7","Expense","Transport",2.23,"2026-05-04 20:10:05","Auto ride","Cash",false,"One-time"
"44e18f00-1122-4874-a3a8-15efcca52465","Expense","Transport",3.57,"2026-05-04 15:42:34","Metro ride","Cash",false,"One-time"
"8ac6a8d5-19ee-4fbd-9e25-234fb71c2335","Income","Allowance",869.75,"2026-05-04 09:10:46","Parental support","Bank Transfer",true,"Monthly"
"c6878c34-dc2f-4018-a361-e2b447d4de17","Expense","Entertainment",94.66,"2026-05-03 10:47:37","Outing with friends","Card",false,"One-time"
"7c67953c-36fb-43b5-b1c9-c1340df7ae2d","Expense","Rent",546.95,"2026-05-02 06:08:05","Monthly rent","Bank Transfer",true,"Monthly"
"c1179496-8c95-47e0-af28-6240d3721cd0","Expense","Transport",9.17,"2026-05-01 05:59:59","Auto ride","Card",false,"One-time"
"1b285104-5e2e-49bd-92c3-b5954fd35bdd","Expense","Healthcare",26.77,"2026-04-28 15:04:12","Doctor visit / medicine","Cash",false,"One-time"
"e3041d50-11ee-4a21-a6a2-6f5cb53f7ce2","Expense","Food",18.33,"2026-04-28 05:17:56","Mess meal","Bank Transfer",false,"One-time"
"085cea22-10cb-4318-a48c-500278d0759c","Expense","Transport",1.87,"2026-04-26 21:10:46","Metro ride","Bank Transfer",false,"One-time"
"8afc526c-1a5f-4e80-bd5c-1a99cc730cbe","Expense","Transport",33.93,"2026-04-25 03:19:15","Taxi ride","Bank Transfer",false,"One-time"
"12df38cc-4526-48cf-be13-50050b49e2be","Expense","Groceries",50.56,"2026-04-24 23:57:13","Mess meal","Card",false,"One-time"
"f292326a-070d-4846-b187-0818d88d13db","Expense","Entertainment",41.99,"2026-04-24 10:08:17","Movie","Cash",false,"One-time"
"15de1fd9-dfa5-4334-abfa-67e7fae18d7e","Expense","Transport",3.48,"2026-04-24 07:32:37","Bus ride","Bank Transfer",false,"One-time"
"0269e108-d025-4a26-a5f8-2da15045b71b","Expense","Shopping",177.09,"2026-04-23 23:14:38","Electronics","Card",false,"One-time"
"034cd8ec-27f8-44c6-9702-8eb39373cc09","Expense","Food",5.97,"2026-04-23 09:28:03","Groceries","Cash",false,"One-time"
"f07740cf-622f-4a2a-b9f6-1a335791be95","Expense","Entertainment",34.47,"2026-04-21 09:48:01","Outing with friends","Cash",false,"One-time"
"3316523e-b399-42f6-8d5c-bf064676722d","Expense","Transport",31.95,"2026-04-20 10:40:44","Taxi ride","Bank Transfer",false,"One-time"
"02c69f25-1976-4b17-9608-a5dca6fd9cd5","Expense","Food",21.73,"2026-04-18 06:28:44","Mess meal","Card",false,"One-time"
"7295be4b-40a3-4fb5-87de-df8ef4ff9ab2","Expense","Food",21.77,"2026-04-16 08:53:10","Mess meal","Cash",false,"One-time"
"163051a6-8753-4529-a77b-6db02d05d549","Expense","Transport",3.64,"2026-04-16 03:45:34","Metro ride","Cash",false,"One-time"
"fb999b28-bf2e-4955-910a-5081ab67abc7","Expense","Transport",24.56,"2026-04-16 02:21:01","Taxi ride","Bank Transfer",false,"One-time"
"46eadbc2-4d5c-4c51-ad55-5bf55feb2a2f","Expense","Utilities",96.43,"2026-04-15 13:29:24","Electricity, water, internet","Bank Transfer",true,"Monthly"
"80f1ad6f-5679-45f9-a152-6a5f09be3300","Expense","Transport",7.02,"2026-04-15 07:04:42","Auto ride","Card",false,"One-time"
"cdf7b1de-c72e-4240-88d6-b4d831e146b0","Expense","Food",19.27,"2026-04-15 02:05:35","Groceries","Cash",false,"One-time"
"e87e3743-78ed-4eaf-9658-d5fde592be1d","Expense","Transport",2.4,"2026-04-13 13:07:14","Metro ride","Card",false,"One-time"
"8366cfc3-bf82-4599-bd43-47672fb32ecd","Expense","Transport",9.35,"2026-04-13 06:41:02","Metro ride","Bank Transfer",false,"One-time"
"b3f9d3fe-e105-4ccd-a4da-cad37836a9ba","Expense","Food",12.93,"2026-04-11 23:25:54","Mess meal","Card",false,"One-time"
"86ee56ae-2169-41a1-aa50-6bb8ed291cc7","Expense","Transport",3.37,"2026-04-11 06:43:42","Bus ride","Cash",false,"One-time"
"9b00fd11-49eb-4614-af4d-76df4e74d42f","Expense","Groceries",38.42,"2026-04-10 03:34:47","Mess meal","Bank Transfer",false,"One-time"
"a342c26a-487f-4529-bbe7-7907972cdf72","Expense","Food",9.33,"2026-04-09 04:28:22","Mess meal","Bank Transfer",false,"One-time"
"b40a16c9-09df-49ed-967e-f8d46830b8dd","Expense","Food",6.83,"2026-04-08 11:58:15","Groceries","Cash",false,"One-time"
"0a84a076-6b44-43dc-9269-786688ef3100","Expense","Shopping",183.19,"2026-04-08 06:34:03","Books","Bank Transfer",false,"One-time"
"ea695514-2317-4231-9514-ae8133669ea2","Expense","Food",6.46,"2026-04-07 16:02:29","Groceries","Card",false,"One-time"
"0e5f585b-89ce-4d8a-aa7f-2134c73f3fd8","Expense","Transport",1.6,"2026-04-06 00:25:41","Auto ride","Cash",false,"One-time"
"6226b195-f91d-40c6-820d-c50b5ffd4ab5","Expense","Transport",9.81,"2026-04-05 10:11:40","Auto ride","Bank Transfer",false,"One-time"
"2a9e19b2-2a34-45ee-a5b8-26c92ab5a09b","Expense","Food",18.41,"2026-04-04 22:58:08","Groceries","Card",false,"One-time"
"dd603c74-1596-4fa1-a5c6-6a4d2c56b1ab","Expense","Transport",6.81,"2026-04-04 10:20:35","Metro ride","Bank Transfer",false,"One-time"
"60d4a6ef-7bcc-49fd-a249-72275138f2c8","Expense","Food",13.2,"2026-04-03 03:32:49","Restaurant","Card",false,"One-time"
"a27fccf3-b6b5-49d9-89f1-4b90854371ed","Expense","Transport",22.42,"2026-04-03 01:08:23","Taxi ride","Cash",false,"One-time"
"8bb22c5f-b676-42d8-b9cb-38ec4a6af261","Income","Allowance",889.36,"2026-04-02 22:36:06","Parental support","Bank Transfer",true,"Monthly"
"c44fc90c-48ba-40e6-9c73-2f8cc3ef5b15","Expense","Rent",576.0,"2026-04-02 13:15:11","Monthly rent","Bank Transfer",true,"Monthly"
"44cf0b2c-a53f-4d03-80ab-9e064fb9e60f","Expense","Transport",22.54,"2026-04-02 02:56:13","Taxi ride","Bank Transfer",false,"One-time"
"e8977680-c355-4ebd-9015-27ee9f6f1f38","Expense","Transport",6.41,"2026-03-28 17:01:23","Metro ride","Cash",false,"One-time"
"a5bcf8f0-839a-4036-ac8d-8e9d5f9c6fdb","Expense","Groceries",40.46,"2026-03-28 16:37:56","Mess meal","Card",false,"One-time"
"1ec1d305-ad91-409b-bf42-4e4ba478d064","Expense","Transport",9.99,"2026-03-28 08:12:45","Metro ride","Bank Transfer",false,"One-time"
"26d9f571-281a-4c8f-9fe9-7340843503c0","Expense","Transport",35.55,"2026-03-27 11:50:25","Taxi ride","Bank Transfer",false,"One-time"
"cc91acc8-aed1-4778-b904-3fb3d18c40ce","Expense","Food",21.63,"2026-03-27 08:58:06","Restaurant","Card",false,"One-time"
"0a945c1b-07b3-46bb-9b52-3fbc1ac86844","Expense","Food",15.17,"2026-03-26 21:39:04","Snacks","Card",false,"One-time"
"216b0788-89ee-4e78-b491-34fe03868cea","Expense","Transport",23.52,"2026-03-26 17:48:29","Taxi ride","Cash",false,"One-time"
"1e6a176a-261e-4da4-ae93-54f8a8cc7f54","Expense","Groceries",73.92,"2026-03-26 11:42:10","Mess meal","Cash",false,"One-time"
"9fce7513-d44b-4901-a740-1d3a6d3ce782","Expense","Transport",8.05,"2026-03-24 17:58:16","Bus ride","Card",false,"One-time"
"695ba464-7a84-4696-9eb4-c9727fad4286","Expense","Transport",15.67,"2026-03-22 17:11:02","Taxi ride","Cash",false,"One-time"
"5db3209f-7c79-4c00-96c9-f859ee36639b","Expense","Shopping",171.68,"2026-03-21 14:22:44","Electronics","Cash",false,"One-time"
"fc07e864-488a-4759-9cad-a52546d5ea33","Expense","Food",11.1,"2026-03-21 03:21:59","Restaurant","Card",false,"One-time"
"5335131d-9054-4ff8-a380-dd66a69f90ea","Income","Part-time",331.36,"2026-03-20 22:21:54","Freelance project","Card",false,"One-time"
"96ffecf2-c49a-41cc-82bb-245144817837","Expense","Food",20.26,"2026-03-20 13:40:15","Restaurant","Bank Transfer",false,"One-time"
"89efb68e-ae0b-419f-b0f9-59a4ac7e2ccb","Expense","Transport",39.5,"2026-03-19 20:51:38","Taxi ride","Cash",false,"One-time"
"47a22f19-494c-4e9a-bba2-691f5deaed50","Expense","Shopping",123.7,"2026-03-19 15:29:29","Clothes","Cash",false,"One-time"
"9e233186-b58b-4c6a-a7aa-e789ca55e4c8","Expense","Transport",2.29,"2026-03-19 14:40:57","Auto ride","Cash",false,"One-time"
"90be8f1d-49f3-46eb-bac9-43fa53d137a2","Expense","Transport",3.66,"2026-03-19 05:59:53","Auto ride","Cash",false,"One-time"
"fadc0aa9-d4b5-4e15-a28a-1595885ef298","Expense","Transport",9.81,"2026-03-19 01:59:08","Metro ride","Card",false,"One-time"
"af089847-46f7-4e11-9d4b-2929aed40703","Expense","Groceries",39.72,"2026-03-18 03:09:18","Snacks","Cash",false,"One-time"
"39c300fc-740e-4350-933b-e1ec198d2919","Expense","Food",15.51,"2026-03-17 14:11:20","Groceries","Bank Transfer",false,"One-time"
"e0abf4ba-9587-4f0e-b1c1-d7edf6a6f112","Expense","Food",21.15,"2026-03-16 23:49:52","Groceries","Cash",false,"One-time"
"c4e0032e-292d-459f-883e-42069f63e11f","Expense","Groceries",61.91,"2026-03-16 15:17:37","Mess meal","Cash",false,"One-time"
"18f19980-b624-466c-b281-fb4978f3d062","Expense","Transport",26.28,"2026-03-15 16:39:21","Taxi ride","Card",false,"One-time"
"fcb6ed06-4433-4ff5-ba77-1b825d37730a","Expense","Transport",4.27,"2026-03-14 21:48:25","Auto ride","Cash",false,"One-time"
"60177879-b5c3-4921-8961-25686d9ecfcc","Expense","Transport",3.82,"2026-03-14 11:51:31","Auto ride","Cash",false,"One-time"
"5d9ccf28-6f93-4522-a59f-a18e7a2fed88","Expense","Transport",4.13,"2026-03-13 06:08:55","Metro ride","Bank Transfer",false,"One-time"
"13e66b98-72d0-4697-be20-4cc9d84adc07","Expense","Food",5.2,"2026-03-13 05:52:00","Snacks","Cash",false,"One-time"
"0b93804c-35a4-40d9-9858-3e6e64af9894","Expense","Transport",26.96,"2026-03-13 05:07:08","Taxi ride","Cash",false,"One-time"
"4fcb6929-0ded-4e61-aabd-f9950286a54a","Expense","Transport",5.54,"2026-03-13 02:34:24","Metro ride","Card",false,"One-time"
"d5859c8c-df64-4abb-ae6d-2c779ae84383","Income","Part-time",231.45,"2026-03-11 19:19:26","Freelance project","Card",false,"One-time"
"544d8092-d108-4639-9460-a52b6a1ec7f0","Expense","Transport",20.24,"2026-03-11 06:27:49","Taxi ride","Card",false,"One-time"
"93b31aac-bbf0-4e47-9551-ce92510d7d72","Expense","Transport",4.39,"2026-03-10 23:00:31","Auto ride","Card",false,"One-time"
"746fe19b-87a0-4c92-b788-b31d15c49656","Expense","Transport",8.18,"2026-03-10 16:32:34","Bus ride","Cash",false,"One-time"
"80c336e4-ac1d-4465-8e6e-de98b7f18ee2","Expense","Utilities",99.06,"2026-03-10 13:22:12","Electricity, water, internet","Bank Transfer",true,"Monthly"
"c2f36a93-16b8-4e25-ad25-4eba10bac8da","Expense","Food",17.59,"2026-03-10 04:20:15","Snacks","Cash",false,"One-time"
"75ac42e6-8af4-4c24-bea8-684abda3db79","Expense","Entertainment",52.89,"2026-03-09 06:00:09","Concert","Card",false,"One-time"
"e69ef2a8-dce6-4124-aa0f-7e946ca4fc79","Expense","Transport",20.84,"2026-03-08 23:47:13","Taxi ride","Bank Transfer",false,"One-time"
"962ebdd6-f601-47fb-976b-cf1056411293","Expense","Food",12.92,"2026-03-08 06:28:55","Snacks","Card",false,"One-time"
"7cb629c2-a02b-44b9-93af-e8f31b77b923","Expense","Food",14.33,"2026-03-08 00:40:14","Restaurant","Cash",false,"One-time"
"afe06d47-edf8-45b6-93ad-e8f9b9a94b36","Expense","Transport",7.83,"2026-03-07 21:21:16","Auto ride","Bank Transfer",false,"One-time"
"928f2588-2f91-45fc-9f65-5a0d91ba5977","Expense","Entertainment",64.94,"2026-03-06 19:36:19","Outing with friends","Cash",false,"One-time"
"5f46d054-6fed-4da1-9d17-95660ada9864","Expense","Transport",4.55,"2026-03-06 14:14:16","Bus ride","Cash",false,"One-time"
"9f185236-bee2-4c99-8cba-260bf32fcba2","Expense","Food",8.57,"2026-03-06 10:54:35","Mess meal","Cash",false,"One-time"
"e5ad2797-b567-494b-86b4-969dcb2f1d1e","Expense","Food",15.65,"2026-03-05 04:50:12","Snacks","Card",false,"One-time"
"cc4a53dd-5a3f-470a-b11f-a3ef45612bfe","Expense","Transport",3.46,"2026-03-05 02:18:28","Auto ride","Cash",false,"One-time"
"65e2f79d-4704-4c8c-ba20-aa119c7b7247","Income","Part-time",464.22,"2026-03-04 14:56:50","Freelance project","Card",false,"One-time"
"6a9b61a4-33aa-4613-b8a6-24a26ac3abf1","Expense","Transport",6.14,"2026-03-04 03:04:23","Bus ride","Card",false,"One-time"
"7875d65f-206e-450d-beea-1fe7ade89183","Expense","Transport",2.96,"2026-03-03 14:03:23","Bus ride","Card",false,"One-time"
"17e699b8-857e-4b6e-9148-e0af93155beb","Expense","Transport",3.97,"2026-03-03 12:18:13","Metro ride","Bank Transfer",false,"One-time"
"c17b88fd-7104-4690-9778-c186d0b8a0a5","Income","Allowance",916.79,"2026-03-02 02:21:12","Parental support","Bank Transfer",true,"Monthly"
"9e7b835c-f318-46c3-b2e3-c7a65e66e608","Expense","Transport",8.86,"2026-03-01 15:41:32","Metro ride","Cash",false,"One-time"
"a5cb3ca7-fd2d-482f-b22e-6fe755ecc256","Expense","Rent",573.41,"2026-03-01 07:32:52","Monthly rent","Bank Transfer",true,"Monthly"
"7e515e44-e40d-4726-8ded-aceb46bb004c","Expense","Food",9.38,"2026-03-01 06:12:18","Snacks","Bank Transfer",false,"One-time"
"077576c7-0fc8-4936-a601-996dc7e1e37c","Expense","Food",5.91,"2026-02-27 20:13:37","Mess meal","Card",false,"One-time"
"b9fa1053-5dd9-4d9f-9a9d-79915a7db7e5","Expense","Food",20.04,"2026-02-27 03:03:12","Restaurant","Card",false,"One-time"
"c0551137-00de-45ee-93a6-720eda6f0bdd","Expense","Transport",9.52,"2026-02-27 01:52:21","Metro ride","Bank Transfer",false,"One-time"
"e473202e-db5b-4fef-a363-e326f3f51254","Expense","Transport",16.64,"2026-02-26 14:03:19","Taxi ride","Bank Transfer",false,"One-time"
"1a338931-f12e-4b1b-b386-f7b3c000b83b","Expense","Transport",4.39,"2026-02-26 13:56:39","Bus ride","Bank Transfer",false,"One-time"
"5498d567-6e2c-42d2-bb55-020afc5466dd","Expense","Transport",9.93,"2026-02-26 08:12:54","Bus ride","Bank Transfer",false,"One-time"
"23984b0a-1e5b-4965-9a5d-68aeac9d668e","Expense","Transport",6.5,"2026-02-26 00:29:33","Auto ride","Cash",false,"One-time"
"417240e7-5966-4da1-bf06-e5e5dc88e174","Expense","Transport",5.35,"2026-02-25 13:14:55","Bus ride","Card",false,"One-time"
"46464c4c-53b6-45b7-b759-ecc7b04d56d0","Expense","Transport",6.08,"2026-02-25 12:34:05","Bus ride","Bank Transfer",false,"One-time"
"6f46e7c7-6fd5-41fe-b933-fde92ea17bd2","Expense","Transport",1.9,"2026-02-25 01:56:46","Metro ride","Card",false,"One-time"
"9b79a154-51b7-4394-8171-44bccd2070a0","Expense","Transport",8.99,"2026-02-24 02:08:16","Metro ride","Bank Transfer",false,"One-time"
"2223b476-07fb-41d7-80b4-10841d5d6b82","Expense","Transport",9.87,"2026-02-23 19:13:00","Metro ride","Bank Transfer",false,"One-time"
"58fb08a5-aa15-4ba7-a5a7-f5a330635eef","Expense","Transport",8.37,"2026-02-23 11:12:05","Auto ride","Cash",false,"One-time"
"81c8e1bf-d462-4ede-902c-224d01fb4973","Expense","Transport",2.06,"2026-02-22 23:36:43","Metro ride","Cash",false,"One-time"
"ba558ff2-3046-4b1c-a6db-600b3ea106f1","Expense","Transport",15.05,"2026-02-22 17:39:16","Taxi ride","Card",false,"One-time"
"b0be5727-c14e-45fe-b967-8ca7f93fb0ab","Expense","Transport",5.18,"2026-02-21 21:41:03","Auto ride","Card",false,"One-time"
"29a67317-349b-4521-bfbc-09be5b9506b6","Expense","Transport",29.47,"2026-02-20 14:48:06","Taxi ride","Cash",false,"One-time"
"38a70af3-1af6-424c-89f6-2b2838db0756","Expense","Entertainment",79.12,"2026-02-19 13:32:41","Concert","Card",false,"One-time"
"01bbd22a-37ab-4c4f-a338-95bd217ef37c","Expense","Food",20.66,"2026-02-19 13:28:05","Restaurant","Card",false,"One-time"
"0e87a25e-6c88-4b69-bae7-be3e9ab6ce06","Expense","Transport",4.52,"2026-02-19 04:40:32","Auto ride","Card",false,"One-time"
"f1981cea-c74e-4f18-ba75-3983ec647909","Expense","Transport",38.94,"2026-02-19 00:47:14","Taxi ride","Cash",false,"One-time"
"fdba3d79-3207-4905-a2db-34ec873b390f","Expense","Food",20.26,"2026-02-18 18:43:06","Restaurant","Card",false,"One-time"
"fcd2a3cd-bbaa-423c-be77-b6ec88a8a84a","Expense","Transport",19.87,"2026-02-18 14:20:00","Taxi ride","Cash",false,"One-time"
"2d05e845-96ec-405c-b990-ef88e955a8a9","Expense","Groceries",78.07,"2026-02-18 05:50:15","Groceries","Cash",false,"One-time"
"aac419b4-4a54-4728-8452-635bd6f75708","Expense","Food",6.21,"2026-02-17 16:24:07","Groceries","Bank Transfer",false,"One-time"
"6939b2e9-c24e-4e39-95ed-dab8280b01e1","Expense","Shopping",72.39,"2026-02-16 09:38:21","Clothes","Bank Transfer",false,"One-time"
"0076add0-c0af-4c5f-a1b1-57a37914e114","Expense","Transport",35.69,"2026-02-15 21:07:22","Taxi ride","Card",false,"One-time"
"fb6e07b2-18e3-4c88-be95-e06ee2373008","Expense","Groceries",61.68,"2026-02-14 02:30:01","Mess meal","Card",false,"One-time"
"3db7e843-8261-4c22-8351-1bae5b3b4daf","Income","Part-time",444.79,"2026-02-13 18:02:31","Freelance project","Card",false,"One-time"
"c184aa00-fe5d-4b49-bcfa-13cfaeb7aa9c","Expense","Transport",2.56,"2026-02-13 05:53:49","Bus ride","Card",false,"One-time"
"91a286e7-1cf7-4618-b190-17d9a9e1a332","Expense","Transport",19.26,"2026-02-13 03:55:17","Taxi ride","Cash",false,"One-time"
"c1de999f-cc66-4a37-845e-58a5fbe82dba","Expense","Groceries",74.65,"2026-02-13 03:20:09","Snacks","Card",false,"One-time"
"1216c544-5fb9-4a0e-8fb8-4815b2c7885b","Expense","Food",24.6,"2026-02-11 12:16:05","Restaurant","Card",false,"One-time"
"ac65b4b5-d57b-4428-81a2-1d6c4a07cf21","Expense","Transport",20.96,"2026-02-11 08:15:06","Taxi ride","Card",false,"One-time"
"1c2a0fae-8de5-44c1-a248-e5a90eac948e","Expense","Utilities",68.23,"2026-02-11 00:17:50","Electricity, water, internet","Bank Transfer",true,"Monthly"
"de014973-ef7f-462f-98f4-ccbe54c3139e","Expense","Food",18.25,"2026-02-09 22:28:17","Snacks","Card",false,"One-time"
"998af9cf-820d-441e-a658-e539bd4ba2bb","Expense","Transport",27.39,"2026-02-09 03:43:33","Taxi ride","Bank Transfer",false,"One-time"
"92ced145-1a21-4f80-a667-320d6636aa2b","Expense","Transport",5.69,"2026-02-08 15:23:02","Auto ride","Bank Transfer",false,"One-time"
"e4c7fcd9-0e5c-49e8-9bfe-a98c3e1ee8ff","Expense","Food",22.68,"2026-02-07 19:32:51","Snacks","Bank Transfer",false,"One-time"
"eb4b260b-5990-4eb8-bb1c-b47b25e3ec9e","Expense","Food",23.28,"2026-02-07 14:38:21","Restaurant","Bank Transfer",false,"One-time"
"7650627a-123b-4ee3-8dc3-3faaaf389ed6","Expense","Transport",7.95,"2026-02-07 14:00:14","Bus ride","Bank Transfer",false,"One-time"
"dde74f34-dcd9-4753-95ec-b2302f3da1ab","Expense","Transport",6.82,"2026-02-07 05:21:19","Bus ride","Cash",false,"One-time"
"edf11b2b-9866-42b4-8542-8428c73aa0e3","Expense","Entertainment",18.75,"2026-02-06 07:08:51","Movie","Cash",false,"One-time"
"3d175f86-0a7e-486f-b7b8-52096ccc60df","Expense","Food",5.54,"2026-02-06 01:39:20","Mess meal","Card",false,"One-time"
"8609b1ff-0784-46c0-b376-49c9273f7e83","Income","Allowance",903.35,"2026-02-05 14:05:51","Parental support","Bank Transfer",true,"Monthly"
"a815e2d0-8e32-4237-963c-abeff3c6b347","Expense","Food",8.08,"2026-02-05 05:16:49","Groceries","Bank Transfer",false,"One-time"
"c174f3de-055c-4259-8866-cfa237c2ce5e","Expense","Rent",577.45,"2026-02-05 00:07:42","Monthly rent","Bank Transfer",true,"Monthly"
"1e7c9a32-fd32-459d-97e5-90f2de4c1600","Expense","Transport",6.54,"2026-02-04 00:38:45","Bus ride","Cash",false,"One-time"
"6ec454d3-697e-4715-a060-a6c376f4942d","Expense","Food",19.5,"2026-02-03 12:44:07","Snacks","Card",false,"One-time"
"5a3acfa6-08d3-4559-ba66-17ef293e49cd","Expense","Transport",25.04,"2026-02-02 17:03:18","Taxi ride","Bank Transfer",false,"One-time"
"7ad798f8-e260-418b-828f-e3f1eb7ff0c8","Expense","Food",21.79,"2026-02-02 15:17:38","Groceries","Card",false,"One-time"
"3fb97127-ea3f-45a5-a57c-ec748c650192","Expense","Transport",8.15,"2026-02-02 01:24:20","Bus ride","Cash",false,"One-time"
"b2573df1-6a72-4609-be98-464bca6e0239","Expense","Food",18.45,"2026-02-01 19:30:00","Groceries","Bank Transfer",false,"One-time"
"7ace5649-b619-4f84-aab5-9aa4095ba87b","Expense","Transport",6.54,"2026-02-01 15:27:51","Bus ride","Bank Transfer",false,"One-time"
"0f17525e-c649-4917-a7c4-4ae1e3e194c1","Expense","Food",18.06,"2026-02-01 14:53:39","Restaurant","Cash",false,"One-time"
"586a64ab-bd94-4258-9aec-86d192f7ce92","Income","Part-time",265.97,"2026-02-01 10:27:11","Freelance project","Card",false,"One-time"
"bf3bee95-cb1f-43b8-9496-32712998466e","Expense","Entertainment",63.62,"2026-01-28 05:45:01","Outing with friends","Cash",false,"One-time"
"3314d89f-c9fb-4ec0-8683-0d67e8caf281","Expense","Transport",6.31,"2026-01-28 01:26:30","Auto ride","Card",false,"One-time"
"268baf92-cf02-4757-bc3f-51992598260b","Expense","Transport",5.62,"2026-01-27 05:09:32","Metro ride","Card",false,"One-time"
"496408ea-020d-45f5-bce7-902ba25da887","Expense","Transport",7.98,"2026-01-26 12:30:53","Metro ride","Bank Transfer",false,"One-time"
"b13b7718-72f8-45b1-a0c4-e69a55f8e8a7","Expense","Food",7.76,"2026-01-25 16:26:50","Groceries","Card",false,"One-time"
"6de6fcff-56b3-45ac-8c23-c9421e2e8a0f","Expense","Groceries",67.96,"2026-01-25 05:27:03","Restaurant","Bank Transfer",false,"One-time"
"ec81b426-6192-41fc-8b38-c51828a7c4ca","Expense","Food",6.7,"2026-01-25 00:45:51","Snacks","Card",false,"One-time"
"ec743984-185f-43ef-85fc-ff35c8abae9f","Expense","Food",21.54,"2026-01-24 10:58:22","Restaurant","Bank Transfer",false,"One-time"
"6080bb4d-4ace-4921-8d19-af0d3e2fe0ab","Expense","Transport",2.28,"2026-01-23 13:53:26","Bus ride","Card",false,"One-time"
"f89b69f4-dbfd-4b81-90a4-3cd18e187ff0","Expense","Transport",2.39,"2026-01-23 12:33:47","Metro ride","Bank Transfer",false,"One-time"
"2bba459d-84fa-42d5-8771-21fe101f5000","Expense","Shopping",191.93,"2026-01-21 17:05:12","Clothes","Bank Transfer",false,"One-time"
"aa763f5a-41e4-4a71-8ea1-98616a777393","Expense","Transport",18.72,"2026-01-21 14:48:28","Taxi ride","Bank Transfer",false,"One-time"
"958f8398-2948-4545-8d5b-6bacb8251525","Expense","Transport",6.36,"2026-01-20 13:07:07","Auto ride","Cash",false,"One-time"
"dd173f62-bfca-452e-8d79-44b054506993","Expense","Transport",5.36,"2026-01-19 06:52:49","Auto ride","Cash",false,"One-time"
"3ef1b2d2-e67f-439c-b975-003b697df7b1","Expense","Food",15.43,"2026-01-18 09:13:05","Restaurant","Cash",false,"One-time"
"e371001d-5969-4f22-a0e3-6af492f255f2","Expense","Food",13.97,"2026-01-17 11:07:03","Mess meal","Card",false,"One-time"
"5388d47a-1b98-43a0-8699-542b5a48cf8e","Expense","Transport",9.92,"2026-01-17 04:07:23","Auto ride","Card",false,"One-time"
"9f106585-828f-4c92-b327-4f1725fa8ac9","Expense","Transport",33.29,"2026-01-16 20:27:28","Taxi ride","Card",false,"One-time"
"e1cc43a7-5559-48da-b26f-ce6a4681acf4","Expense","Transport",9.33,"2026-01-16 01:47:10","Auto ride","Cash",false,"One-time"
"8533f2c5-7c8a-47ba-8827-3f819ecec402","Expense","Food",21.83,"2026-01-14 16:07:46","Snacks","Bank Transfer",false,"One-time"
"09ec6b9d-a535-4b4b-a260-03d79f797552","Expense","Food",23.87,"2026-01-14 14:54:33","Groceries","Cash",false,"One-time"
"7daa8e00-8fdc-44dd-afc0-b56c25df39aa","Expense","Transport",9.06,"2026-01-14 01:59:57","Auto ride","Cash",false,"One-time"
"ca77c3a7-a322-4ed7-aeed-3893b870dd85","Expense","Transport",36.8,"2026-01-13 18:35:33","Taxi ride","Bank Transfer",false,"One-time"
"1676405f-8610-43af-9653-177228c238f0","Expense","Groceries",64.87,"2026-01-13 14:41:13","Groceries","Cash",false,"One-time"
"90a6b048-956e-4b82-beb8-57db99a2a81a","Expense","Food",17.59,"2026-01-12 22:48:26","Restaurant","Cash",false,"One-time"
"d30ff23a-f7ec-483d-9f74-9697fd3f1c24","Expense","Transport",33.4,"2026-01-11 17:02:42","Taxi ride","Bank Transfer",false,"One-time"
"5ce27933-80fa-44d4-b49c-f22dd523c50a","Expense","Utilities",90.76,"2026-01-11 14:26:49","Electricity, water, internet","Bank Transfer",true,"Monthly"
"cf6dd2ae-3469-49ac-b96a-c94aaa863c3f","Expense","Food",12.01,"2026-01-11 07:51:47","Snacks","Bank Transfer",false,"One-time"
"8dc89d64-642f-4006-99a0-a87988c55a01","Expense","Transport",24.68,"2026-01-11 02:51:39","Taxi ride","Card",false,"One-time"
"b64d1b9b-4069-4a56-b331-ee44710bdd01","Expense","Transport",2.71,"2026-01-10 15:01:50","Metro ride","Bank Transfer",false,"One-time"
"0dfcd002-53dd-4064-9c8d-5f1ecc21cf09","Expense","Food",12.8,"2026-01-10 02:02:34","Restaurant","Bank Transfer",false,"One-time"
"7cbf260d-4697-4bb9-b961-5e7c13fc87bf","Expense","Transport",6.15,"2026-01-06 23:31:00","Bus ride","Cash",false,"One-time"
"f6b7abca-5cf1-448b-8d4b-3217decc854f","Expense","Transport",7.4,"2026-01-05 22:32:55","Bus ride","Card",false,"One-time"
"2343d73a-a8c3-41b8-ab62-da6c3e47d8d4","Expense","Transport",4.64,"2026-01-05 15:13:28","Bus ride","Bank Transfer",false,"One-time"
"1874b178-4bb8-4761-835d-9be39d27cd29","Expense","Rent",544.92,"2026-01-03 10:52:08","Monthly rent","Bank Transfer",true,"Monthly"
"56c0d283-7006-4701-8fc2-43eb73c0a5d2","Expense","Food",13.39,"2026-01-02 20:45:51","Snacks","Bank Transfer",false,"One-time"
"403639d8-93b0-4fdb-867d-fa6edc24c498","Income","Allowance",900.5,"2026-01-02 15:21:18","Parental support","Bank Transfer",true,"Monthly"
"a0d7a6f2-77f0-4c9d-bffe-a43f72c9337c","Expense","Food",21.64,"2026-01-01 17:37:16","Snacks","Bank Transfer",false,"One-time"
"b1ec65e9-af62-46bc-a46f-76c45d855f24","Expense","Transport",8.04,"2025-12-28 17:12:05","Auto ride","Cash",false,"One-time"
"aec7b16a-8048-41cb-841d-33f10ce153a6","Expense","Food",11.46,"2025-12-28 01:51:41","Mess meal","Bank Transfer",false,"One-time"
"43bd0c5c-e30f-4ddd-bc5c-5dfedf3b23b9","Expense","Entertainment",66.9,"2025-12-27 03:06:50","Movie","Card",false,"One-time"
"731c689c-b8a5-4518-be69-abc00fc48180","Expense","Food",18.69,"2025-12-26 15:19:09","Snacks","Cash",false,"One-time"
"4d7f4124-cb20-49cc-bdb6-83824722d31a","Expense","Food",12.18,"2025-12-26 09:57:43","Mess meal","Card",false,"One-time"
"a6259c73-b706-4c16-8810-b872db898197","Expense","Food",6.67,"2025-12-26 05:53:25","Snacks","Card",false,"One-time"
"bebcde6d-3ce1-4237-b848-972d4b870359","Expense","Transport",4.4,"2025-12-25 21:28:39","Auto ride","Cash",false,"One-time"
"78794c08-6418-43ba-9c64-8abdbc687c1e","Expense","Food",9.92,"2025-12-25 18:11:26","Groceries","Bank Transfer",false,"One-time"
"f86deb94-3353-4502-9ea1-1beb951c381b","Expense","Transport",8.75,"2025-12-25 17:17:57","Metro ride","Bank Transfer",false,"One-time"
"10af537d-cc05-44fc-9ba5-8621511c6426","Expense","Food",13.68,"2025-12-25 13:51:23","Groceries","Cash",false,"One-time"
"5e372df3-99fe-4abd-82a6-a208cdba1db4","Expense","Food",8.26,"2025-12-25 12:05:01","Groceries","Card",false,"One-time"
"8225a29f-4d93-4b54-90b4-beba6ea7054b","Expense","Transport",8.27,"2025-12-24 22:24:26","Auto ride","Cash",false,"One-time"
"fc9a92c9-2033-489c-9a0f-1d5aea9f2a3a","Expense","Transport",1.81,"2025-12-24 18:38:46","Auto ride","Card",false,"One-time"
"d5617775-f984-4e6a-99ec-2bb60243bf73","Expense","Shopping",157.15,"2025-12-24 09:45:28","Stationery","Bank Transfer",false,"One-time"
"b02056eb-6e50-4666-a627-753d74af1e90","Expense","Transport",8.81,"2025-12-23 14:31:30","Bus ride","Bank Transfer",false,"One-time"
"2bbd4412-cbcc-4599-b360-7c458f1664cf","Expense","Transport",2.56,"2025-12-22 12:51:19","Bus ride","Cash",false,"One-time"
"44f2f4b0-ab7d-4871-a0a4-efa99ae6c677","Expense","Transport",18.28,"2025-12-22 10:58:38","Taxi ride","Card",false,"One-time"
"76436f9a-befe-4c79-8b82-f5008be89b51","Expense","Groceries",46.25,"2025-12-22 00:21:02","Restaurant","Cash",false,"One-time"
"0af23598-0809-4b2d-81d4-6a84e2c5c818","Expense","Food",14.82,"2025-12-21 20:09:07","Groceries","Bank Transfer",false,"One-time"
"b440f8e3-228c-4248-8868-3636bdb71391","Expense","Transport",36.72,"2025-12-21 15:29:44","Taxi ride","Bank Transfer",false,"One-time"
"5f072527-119e-4d35-9427-267bcabea2c9","Expense","Transport",5.71,"2025-12-21 13:56:30","Bus ride","Bank Transfer",false,"One-time"
"4eecce6b-e8fb-446f-8161-0003c7077592","Expense","Transport",7.37,"2025-12-20 23:31:19","Auto ride","Bank Transfer",false,"One-time"
"18d92f8e-4442-4b98-a844-77fb6c4028de","Expense","Transport",9.38,"2025-12-20 21:06:45","Bus ride","Card",false,"One-time"
"ade9a936-d94a-4015-b472-a7a66204bde8","Expense","Transport",7.17,"2025-12-20 06:18:44","Bus ride","Cash",false,"One-time"
"b83b0627-92ec-49ff-8418-e787e779f3c7","Expense","Transport",8.17,"2025-12-18 07:31:16","Auto ride","Cash",false,"One-time"
"010bf41e-7a0e-4400-9e78-1f597a9d575e","Expense","Food",10.81,"2025-12-17 20:41:33","Groceries","Cash",false,"One-time"
"24d7d080-a098-450b-b1f7-89649ee45589","Expense","Food",16.02,"2025-12-17 13:18:36","Mess meal","Bank Transfer",false,"One-time"
"cbdea0b6-d45f-47ae-8766-5e89f22cfb04","Expense","Groceries",53.82,"2025-12-17 06:31:28","Groceries","Cash",false,"One-time"
"b58333ee-e595-4b98-b772-d49b2fb8a9f9","Expense","Entertainment",25.04,"2025-12-17 03:10:40","Movie","Cash",false,"One-time"
"36d7613b-180b-47d5-bae2-d6c22dbcdd31","Expense","Transport",6.2,"2025-12-17 00:27:36","Auto ride","Card",false,"One-time"
"22ca74d9-d961-432f-90b0-fb24443566d1","Expense","Transport",5.2,"2025-12-16 20:09:41","Metro ride","Bank Transfer",false,"One-time"
"0e519099-4ed4-4416-9db9-0ec2a05448e6","Expense","Transport",20.8,"2025-12-16 16:37:46","Taxi ride","Cash",false,"One-time"
"4f58528e-b10e-4d00-bce8-49f152a6a00b","Expense","Transport",9.17,"2025-12-16 13:01:07","Metro ride","Bank Transfer",false,"One-time"
"ca227ac6-6873-4f35-b5e8-81c6dffbfe10","Expense","Transport",9.99,"2025-12-16 09:15:13","Bus ride","Card",false,"One-time"
"21796117-dd12-440c-8d66-fcdb92d95ad4","Expense","Transport",17.92,"2025-12-14 17:01:00","Taxi ride","Cash",false,"One-time"
"ab35076e-354e-4665-a1be-fc9a8493caa3","Expense","Transport",2.87,"2025-12-12 14:44:27","Bus ride","Bank Transfer",false,"One-time"
"96392cfc-62d0-4be8-9d00-384e01d7bb4a","Expense","Utilities",92.9,"2025-12-11 05:47:32","Electricity, water, internet","Bank Transfer",true,"Monthly"
"7d77a1e5-322c-4940-9882-a0024a387811","Expense","Food",7.28,"2025-12-09 18:05:49","Groceries","Cash",false,"One-time"
"8ee932c9-12e2-4c3b-acc6-e17e877c3cfa","Expense","Transport",8.54,"2025-12-09 11:43:10","Metro ride","Bank Transfer",false,"One-time"
"556294e1-f541-46ff-8438-0aece84ac8f3","Expense","Transport",16.27,"2025-12-08 06:18:36","Taxi ride","Cash",false,"One-time"
"1db403e7-d52d-49f1-9942-dc3061983a77","Expense","Transport",5.81,"2025-12-07 15:22:28","Metro ride","Bank Transfer",false,"One-time"
"1ad69be0-03ff-458f-aa8c-78620366bfea","Expense","Transport",8.91,"2025-12-07 05:05:47","Auto ride","Cash",false,"One-time"
"de75548d-54b4-4608-91ac-27204e4f24b1","Expense","Transport",8.8,"2025-12-07 03:52:01","Metro ride","Cash",false,"One-time"
"cbf11bdb-f475-49d0-8083-c4c0894e9808","Expense","Transport",17.52,"2025-12-06 06:10:38","Taxi ride","Card",false,"One-time"
"350ecce8-ec55-4a25-861f-fe73febcbaf3","Income","Allowance",908.35,"2025-12-05 21:37:13","Parental support","Bank Transfer",true,"Monthly"
"53eca852-c7b0-473a-b1fb-fa19263c7aa9","Expense","Groceries",52.7,"2025-12-05 00:05:29","Snacks","Bank Transfer",false,"One-time"
"ffa1175e-b5d7-452e-832d-3e91ba212a34","Expense","Transport",39.49,"2025-12-04 20:54:45","Taxi ride","Card",false,"One-time"
"8a5bb65e-924a-4f1f-9615-9c6672872513","Expense","Food",14.29,"2025-12-04 16:27:26","Snacks","Card",false,"One-time"
"0fa7a08c-ae2f-4350-8236-4da090b88ede","Expense","Food",12.88,"2025-12-04 10:01:18","Mess meal","Card",false,"One-time"
"4d500b84-aa5d-4337-852f-218556ff1ee6","Expense","Food",12.98,"2025-12-03 17:38:24","Restaurant","Cash",false,"One-time"
"3ea420c3-834a-476b-af3a-7531146d6f56","Expense","Food",17.95,"2025-12-02 16:21:29","Restaurant","Card",false,"One-time"
"e490be05-abc4-4c5f-a0f6-33485ac00c16","Expense","Transport",6.75,"2025-12-02 02:21:27","Bus ride","Cash",false,"One-time"
"47448eb4-e471-46a8-ab9f-2b6b8d928721","Expense","Rent",574.73,"2025-12-01 11:05:13","Monthly rent","Bank Transfer",true,"Monthly"
"115b3e6c-ba19-4e2f-9114-d033d32293f6","Expense","Transport",24.55,"2025-11-28 08:18:47","Taxi ride","Card",false,"One-time"
"d43e37c7-5996-4181-9e26-19b744dd302c","Expense","Transport",7.68,"2025-11-28 06:38:13","Auto ride","Cash",false,"One-time"
"f9d1c9e5-344e-45bb-939d-54a4dea0af9f","Expense","Transport",7.57,"2025-11-27 21:31:07","Metro ride","Cash",false,"One-time"
"9e159f8e-e83c-4012-9249-53955ade1528","Expense","Groceries",76.32,"2025-11-27 15:30:47","Snacks","Bank Transfer",false,"One-time"
"708efc31-a605-4941-b562-6a0ae5268b96","Expense","Groceries",40.9,"2025-11-26 23:47:15","Mess meal","Cash",false,"One-time"
"7e2d0000-54e5-488c-8c50-224a1e236c2f","Expense","Groceries",45.46,"2025-11-26 21:15:16","Snacks","Bank Transfer",false,"One-time"
"d8d74054-bfc2-4d72-acca-e9a50521c0af","Income","Part-time",333.73,"2025-11-26 10:21:53","Freelance project","Card",false,"One-time"
"49b167db-69d8-47f3-98cb-00e1a5fcdb24","Expense","Transport",32.71,"2025-11-23 12:43:13","Taxi ride","Bank Transfer",false,"One-time"
"afe765dd-39db-424d-8c2d-bcb7952d52d9","Expense","Groceries",69.55,"2025-11-21 20:11:40","Restaurant","Cash",false,"One-time"
"355c57b3-73e7-4d4d-bf00-0105aad54381","Expense","Transport",18.33,"2025-11-21 14:05:00","Taxi ride","Card",false,"One-time"
"4713f7ae-f692-43fc-a77e-62a00a3b196f","Expense","Transport",1.96,"2025-11-21 14:03:12","Metro ride","Cash",false,"One-time"
"cc5a509e-eb94-425b-8644-42e4b6b56852","Expense","Groceries",69.47,"2025-11-21 10:56:51","Snacks","Cash",false,"One-time"
"b9cd6a1c-f905-4278-8e42-543684814677","Expense","Food",14.07,"2025-11-20 23:52:35","Mess meal","Cash",false,"One-time"
"cfe769c1-7977-4b54-9ae8-5985dd20b20f","Expense","Transport",2.62,"2025-11-20 12:19:25","Auto ride","Bank Transfer",false,"One-time"
"55fde645-005a-45be-8fd8-08d3e7258338","Expense","Transport",1.94,"2025-11-20 08:04:06","Bus ride","Cash",false,"One-time"
"9d8b0d8f-903d-49d6-bd74-b56604ddbcfb","Expense","Transport",34.33,"2025-11-19 03:00:45","Taxi ride","Card",false,"One-time"
"232fd682-ceb8-4e89-bd9f-2ef2299695a8","Expense","Food",15.91,"2025-11-18 11:44:07","Groceries","Bank Transfer",false,"One-time"
"847cd83a-720f-4ae9-be62-82ee90d6af28","Expense","Transport",1.55,"2025-11-16 11:38:42","Bus ride","Bank Transfer",false,"One-time"
"2c637882-4ad5-48fc-b756-ce9c839729ef","Expense","Entertainment",54.71,"2025-11-16 08:10:45","Movie","Cash",false,"One-time"
"6ca51fdb-8324-4f46-9365-e37fc1cde044","Income","Part-time",148.91,"2025-11-16 02:15:38","Freelance project","Card",false,"One-time"
"b26e5e87-630f-4ea8-bc95-ad9407c6f113","Expense","Food",10.21,"2025-11-15 15:55:47","Snacks","Card",false,"One-time"
"f2c23171-4777-4082-9ab2-50b9f4758224","Expense","Shopping",107.34,"2025-11-15 11:45:35","Stationery","Card",false,"One-time"
"35118997-0e90-4aa3-991c-8cce3260eee6","Expense","Transport",18.54,"2025-11-15 04:05:20","Taxi ride","Cash",false,"One-time"
"b01a6888-5054-49c6-9c7d-ec95ba201655","Expense","Transport",9.64,"2025-11-14 19:16:09","Bus ride","Cash",false,"One-time"
"1266d4f5-06bf-4b75-b26d-1fda19ad92c0","Expense","Transport",1.74,"2025-11-14 05:26:50","Metro ride","Card",false,"One-time"
"831204f9-fed7-451f-b4a2-fb9e3f167630","Expense","Food",15.13,"2025-11-14 03:52:10","Snacks","Card",false,"One-time"
"6a2436c3-a7db-48be-9313-b05a6967c3e4","Expense","Utilities",69.44,"2025-11-13 23:53:08","Electricity, water, internet","Bank Transfer",true,"Monthly"
"a1089453-043c-4268-b12c-6d9ad20a3982","Expense","Food",16.52,"2025-11-13 06:40:19","Mess meal","Cash",false,"One-time"
"690f2e7e-0934-450b-a229-7f30a065e7ca","Expense","Transport",7.86,"2025-11-11 01:08:31","Auto ride","Card",false,"One-time"
"edf6bce1-c75d-4cfc-aa1a-9dbf9fd48e31","Expense","Transport",5.89,"2025-11-10 08:39:53","Auto ride","Card",false,"One-time"
"aff827a1-b828-4cee-bde9-295403509f2a","Expense","Food",10.95,"2025-11-10 02:59:52","Restaurant","Card",false,"One-time"
"1df411ce-8f10-40e8-ae9f-ebcca79d9682","Expense","Transport",4.64,"2025-11-08 19:28:58","Metro ride","Bank Transfer",false,"One-time"
"be4020aa-6f53-4b24-910d-f192b5e9e8de","Expense","Food",21.94,"2025-11-08 16:45:49","Groceries","Card",false,"One-time"
"cdf30b78-8e99-4015-bb79-1afcb55f4faf","Expense","Food",12.26,"2025-11-08 08:56:50","Snacks","Card",false,"One-time"
"8a338175-6a13-4902-83f3-5e55869c8a4a","Expense","Transport",9.21,"2025-11-08 00:01:59","Metro ride","Card",false,"One-time"
"7f223119-33ab-45ec-b3cd-5f2df107a982","Expense","Transport",1.92,"2025-11-07 08:44:54","Metro ride","Bank Transfer",false,"One-time"
"8b9660b1-5ac2-4474-b0ff-a09fcb04f355","Expense","Food",22.26,"2025-11-07 08:28:26","Mess meal","Card",false,"One-time"
"dc8c9ed6-89e5-429f-b1df-694550b57ee2","Expense","Transport",6.22,"2025-11-06 10:47:31","Metro ride","Bank Transfer",false,"One-time"
"5d4bcb03-c161-4bdc-830c-e971d86ba481","Income","Allowance",862.06,"2025-11-05 23:32:59","Parental support","Bank Transfer",true,"Monthly"
"4473b8d1-933c-4d92-a3ea-6591d9694461","Expense","Groceries",49.42,"2025-11-04 17:55:15","Groceries","Card",false,"One-time"
"9a860ba7-51dc-4d28-9303-0ce84aa9cfad","Expense","Rent",575.43,"2025-11-04 11:42:42","Monthly rent","Bank Transfer",true,"Monthly"
"bc42fb54-9f48-449d-a746-5884c7ddaef0","Expense","Transport",36.91,"2025-11-03 13:23:11","Taxi ride","Bank Transfer",false,"One-time"
"447c65b1-2ca9-4a0d-8ba5-4df044af7d2c","Expense","Transport",5.78,"2025-11-02 18:11:16","Metro ride","Card",false,"One-time"
"a69fbb8f-73ee-4ff2-ad32-8b23a08bee5b","Expense","Food",21.83,"2025-11-01 20:57:38","Mess meal","Bank Transfer",false,"One-time"
"2a6802e1-82da-4035-a9ae-6e4b273fdad9","Expense","Food",22.9,"2025-10-28 13:12:54","Groceries","Bank Transfer",false,"One-time"
"ecdd5acd-ed19-4006-8d8e-b89214002bff","Expense","Transport",1.67,"2025-10-28 09:07:21","Metro ride","Card",false,"One-time"
"f5ad2bc9-5673-403d-ad65-a1a22206476b","Expense","Transport",7.6,"2025-10-26 07:39:47","Bus ride","Bank Transfer",false,"One-time"
"87c6dc1a-93a3-48f6-be1a-54f3a0477f84","Expense","Shopping",29.96,"2025-10-24 15:50:01","Clothes","Cash",false,"One-time"
"81f107a1-6a53-4c60-94c7-ee458a352302","Expense","Groceries",35.79,"2025-10-24 01:05:20","Snacks","Card",false,"One-time"
"124ea7c9-ca2c-4273-a956-5d54a23e0589","Expense","Transport",27.57,"2025-10-23 21:13:21","Taxi ride","Bank Transfer",false,"One-time"
"ddbae001-bacc-4a1e-8267-bda2e77a4e42","Expense","Transport",20.32,"2025-10-23 16:55:11","Taxi ride","Bank Transfer",false,"One-time"
"bbcf7e14-28ab-4dc3-8a66-a46f63adca87","Expense","Groceries",40.1,"2025-10-22 16:49:31","Groceries","Card",false,"One-time"
"7e268b67-b4c9-4004-bfc5-1089a3679928","Expense","Transport",26.9,"2025-10-22 15:42:35","Taxi ride","Cash",false,"One-time"
"16800d7f-29f8-40bf-9575-60732b33a6f5","Expense","Transport",4.95,"2025-10-21 05:16:43","Metro ride","Cash",false,"One-time"
"218fe555-ec11-46c9-9cf2-8703a0ffa7de","Expense","Transport",5.43,"2025-10-21 01:33:12","Auto ride","Cash",false,"One-time"
"b74e2631-6f48-4f12-b6bd-976563019c18","Expense","Groceries",41.29,"2025-10-20 23:19:43","Groceries","Card",false,"One-time"
"4fb56732-5345-4668-8465-1c23a771932e","Expense","Transport",4.22,"2025-10-20 21:22:49","Auto ride","Cash",false,"One-time"
"0a2ef855-4100-47fe-88f0-0b8fd56568de","Expense","Transport",8.37,"2025-10-19 12:20:36","Bus ride","Cash",false,"One-time"
"277dfda9-ab87-427b-9a42-d64f1ac8310c","Expense","Food",6.29,"2025-10-19 03:47:59","Restaurant","Card",false,"One-time"
"be777257-c06f-43b9-91f4-1035584e1931","Expense","Transport",4.47,"2025-10-19 01:08:53","Auto ride","Bank Transfer",false,"One-time"
"40cdec02-d70f-40bc-b2dd-9f6729bb0984","Expense","Transport",4.73,"2025-10-19 00:48:57","Auto ride","Card",false,"One-time"
"69d21583-9466-4427-82cf-2081c8f9c997","Expense","Food",7.87,"2025-10-17 21:43:05","Groceries","Bank Transfer",false,"One-time"
"498e6e67-84d9-43e2-96d6-b436706e7a59","Expense","Transport",3.2,"2025-10-17 09:27:42","Auto ride","Card",false,"One-time"
"86ea9f9e-451e-450c-b097-190631da7b8e","Expense","Food",24.05,"2025-10-17 08:34:21","Mess meal","Card",false,"One-time"
"8e843fe2-b52a-42e4-9939-04bcd0f3ea57","Expense","Transport",29.78,"2025-10-17 01:25:16","Taxi ride","Card",false,"One-time"
"9f985883-45c7-4a55-8f46-feb0f4a911a7","Expense","Groceries",55.57,"2025-10-16 21:38:25","Restaurant","Card",false,"One-time"
"d8afab7d-19a5-433c-9242-8b05e2e7a2d0","Expense","Transport",8.64,"2025-10-16 20:54:50","Bus ride","Bank Transfer",false,"One-time"
"c466488b-d648-4bff-a7e5-c434a8fe1ffd","Expense","Transport",7.04,"2025-10-16 13:13:22","Bus ride","Card",false,"One-time"
"974490af-fdee-4df0-a4de-cdd0e873c25a","Expense","Food",20.13,"2025-10-16 08:48:45","Groceries","Card",false,"One-time"
"02acc7a1-c616-4ba3-a1c3-27af435609dd","Expense","Transport",38.37,"2025-10-15 08:59:40","Taxi ride","Bank Transfer",false,"One-time"
"35c78ef5-bed1-4414-821d-7f9b7edabb8d","Expense","Groceries",68.11,"2025-10-15 03:33:08","Snacks","Bank Transfer",false,"One-time"
"a50ba54b-6046-4bbe-9925-0e0732b01163","Expense","Entertainment",32.17,"2025-10-14 20:57:02","Concert","Card",false,"One-time"
"ff620090-0faf-4325-82d2-4f40eff9fbd6","Expense","Utilities",92.78,"2025-10-14 18:04:06","Electricity, water, internet","Bank Transfer",true,"Monthly"
"0cc9a183-1fa7-4143-8821-e3ac8f056155","Expense","Food",11.06,"2025-10-13 19:43:20","Mess meal","Cash",false,"One-time"
"20ef405c-55ff-4b70-b97d-8285b8ee4bb5","Expense","Transport",7.12,"2025-10-12 11:26:22","Bus ride","Cash",false,"One-time"
"fedc5cd0-5ef4-454d-87aa-b3ab64c18b3e","Expense","Groceries",63.6,"2025-10-12 05:00:43","Groceries","Card",false,"One-time"
"654ab9a5-13dd-4240-b056-691fd10a8717","Expense","Transport",9.74,"2025-10-11 05:39:19","Auto ride","Cash",false,"One-time"
"2af92fc9-ad85-4d87-9762-fc35544b1010","Expense","Transport",21.67,"2025-10-11 02:40:13","Taxi ride","Card",false,"One-time"
"8cce95ab-5fbe-4e13-9d46-a1f298176ae3","Expense","Transport",8.99,"2025-10-09 19:32:29","Metro ride","Bank Transfer",false,"One-time"
"b2ba46ee-069c-47af-91bf-731ea39136ff","Expense","Transport",9.88,"2025-10-09 00:44:30","Bus ride","Card",false,"One-time"
"04b73b80-bd4f-4f64-952c-1556025ec8a1","Expense","Transport",9.24,"2025-10-08 20:19:37","Bus ride","Cash",false,"One-time"
"0240fdf8-43f1-484f-b455-057a4fd09333","Expense","Food",9.66,"2025-10-07 19:54:25","Groceries","Bank Transfer",false,"One-time"
"a9a74c33-cf18-49cf-abc5-9c83936d7906","Income","Part-time",289.89,"2025-10-07 16:54:45","Freelance project","Card",false,"One-time"
"78c8118b-fb3b-4e4e-9697-dbb3e8f9e11e","Expense","Food",20.23,"2025-10-07 16:14:26","Snacks","Cash",false,"One-time"
"8756710a-06d0-4c13-8c49-a9e5360e51b0","Expense","Transport",9.97,"2025-10-07 09:16:03","Auto ride","Card",false,"One-time"
"17d7a4e4-e6b6-4335-9988-ba26f2eadd1a","Expense","Food",22.69,"2025-10-06 17:42:55","Restaurant","Card",false,"One-time"
"5b0bc164-89f0-4a10-8e0e-95afc6023601","Income","Part-time",139.47,"2025-10-06 17:00:46","Freelance project","Card",false,"One-time"
"827df1b3-df32-42be-a2e1-9dbda7bcf015","Expense","Food",21.69,"2025-10-06 14:43:06","Groceries","Card",false,"One-time"
"77cdbaae-8c63-4395-9092-cbd5121972f3","Expense","Transport",8.68,"2025-10-05 23:43:48","Auto ride","Card",false,"One-time"
"367a31b5-c09c-4759-b7e3-e4249e09eeb8","Expense","Transport",34.1,"2025-10-05 09:45:24","Taxi ride","Bank Transfer",false,"One-time"
"1c227be1-b7a8-4df3-b3a6-9a7bd6994e47","Expense","Transport",5.45,"2025-10-05 06:01:15","Auto ride","Bank Transfer",false,"One-time"
"98cf08af-cb4a-424b-b640-c4823c784581","Expense","Food",14.96,"2025-10-04 23:03:53","Mess meal","Cash",false,"One-time"
"64694d68-0d56-4b7e-af58-a023bc12c7e0","Expense","Transport",6.31,"2025-10-04 18:21:17","Bus ride","Bank Transfer",false,"One-time"
"87fc4c81-303c-43b8-b02d-a9d4cbd9bd02","Expense","Groceries",52.13,"2025-10-04 12:28:20","Mess meal","Cash",false,"One-time"
"2a0a7e35-fcef-49fa-a55f-855ac3c3c242","Expense","Groceries",41.54,"2025-10-04 03:16:31","Restaurant","Cash",false,"One-time"
"f956c038-3ee3-4adb-8122-d372f92417bb","Expense","Rent",564.52,"2025-10-02 16:49:46","Monthly rent","Bank Transfer",true,"Monthly"
"ea3f6ded-c153-4c8c-94c2-01d1d1d1777f","Expense","Transport",29.2,"2025-10-02 14:42:55","Taxi ride","Card",false,"One-time"
"993896de-7af7-47d9-9e87-d88b86ffb0b2","Income","Allowance",869.15,"2025-10-01 16:13:45","Parental support","Bank Transfer",true,"Monthly"
"c644e3e6-283c-438f-8951-78313e05783f","Expense","Entertainment",38.61,"2025-10-01 08:50:51","Outing with friends","Card",false,"One-time"
"ecfcbdac-d5cb-4611-b2cd-7a717e14d014","Expense","Food",24.52,"2025-09-28 14:43:42","Groceries","Cash",false,"One-time"
"55fb7fb1-48a5-4c5b-9a7e-837fc55c2493","Expense","Transport",7.33,"2025-09-27 21:51:19","Auto ride","Bank Transfer",false,"One-time"
"cec1ad0c-248b-48a0-841c-bfc0c5c302e3","Expense","Food",9.16,"2025-09-27 18:38:05","Groceries","Bank Transfer",false,"One-time"
"1b134fa5-5241-4929-aabe-adb502080e8d","Expense","Shopping",56.97,"2025-09-26 03:58:38","Books","Card",false,"One-time"
"931d72d8-e987-4535-bd73-37cbd9fe26e7","Expense","Transport",6.12,"2025-09-25 03:38:48","Metro ride","Card",false,"One-time"
"7882be5d-0818-459c-bc55-a4fd323db263","Expense","Transport",4.67,"2025-09-21 21:30:44","Bus ride","Bank Transfer",false,"One-time"
"1798a110-5abc-4923-8dfb-ec0197198c5c","Expense","Transport",29.14,"2025-09-20 23:23:37","Taxi ride","Card",false,"One-time"
"b333d14c-322c-4af5-8152-ffc0f1d890a1","Expense","Transport",5.05,"2025-09-20 22:53:33","Bus ride","Cash",false,"One-time"
"4840728c-10df-4023-a64f-49cdf12c7b6f","Expense","Food",8.91,"2025-09-19 16:14:50","Mess meal","Bank Transfer",false,"One-time"
"7d7b55a6-d064-4b90-a45e-a18c8ea3322e","Expense","Transport",6.44,"2025-09-19 00:54:16","Metro ride","Cash",false,"One-time"
"7be49204-4e59-4349-ac33-cb1fa565c880","Expense","Transport",8.01,"2025-09-17 20:59:04","Metro ride","Cash",false,"One-time"
"e9056264-5e6a-4211-b288-5aec6d60cf61","Expense","Food",23.17,"2025-09-16 10:38:38","Snacks","Card",false,"One-time"
"8be04d83-b801-40f3-b165-6e12e53fa0df","Expense","Entertainment",18.68,"2025-09-16 03:58:16","Concert","Card",false,"One-time"
"a9efd328-eeaa-49af-b37f-5728fc50fa7a","Expense","Utilities",64.49,"2025-09-15 14:21:44","Electricity, water, internet","Bank Transfer",true,"Monthly"
"a485012e-8177-4267-a720-995c02b05438","Expense","Transport",2.16,"2025-09-14 22:48:50","Bus ride","Card",false,"One-time"
"e7a32293-4804-4462-b201-dcb2b08b9ceb","Expense","Groceries",66.43,"2025-09-14 14:18:10","Groceries","Cash",false,"One-time"
"cbde5b15-53ac-4ef7-8b7f-cc4286a037b2","Expense","Food",9.31,"2025-09-12 11:19:28","Groceries","Bank Transfer",false,"One-time"
"496354ae-4b6a-4848-94fa-58cb30222152","Expense","Transport",2.96,"2025-09-12 04:52:28","Auto ride","Card",false,"One-time"
"b394f1a9-8779-4a37-b68f-4cfc78570115","Expense","Transport",8.5,"2025-09-12 03:34:37","Auto ride","Cash",false,"One-time"
"e19771df-12b6-46b7-9831-2e1d0ce2b903","Income","Part-time",343.26,"2025-09-12 02:20:03","Freelance project","Card",false,"One-time"
"bf42a623-3961-4ad5-9fba-c837ecb111bf","Expense","Transport",4.54,"2025-09-11 14:56:44","Metro ride","Cash",false,"One-time"
"e5f6147b-3ae1-464a-b7ce-d49978ecf39a","Expense","Groceries",34.42,"2025-09-11 02:59:37","Groceries","Bank Transfer",false,"One-time"
"a94ce44e-d821-4dc6-a8e3-6ca7f424dc61","Expense","Groceries",41.23,"2025-09-10 15:35:47","Mess meal","Cash",false,"One-time"
"73643a86-10ed-4927-9dff-c2d64f5dd118","Expense","Groceries",65.51,"2025-09-09 13:11:35","Restaurant","Cash",false,"One-time"
"fd09b694-41fe-43eb-b0b3-2c505227c9e5","Expense","Transport",1.91,"2025-09-09 11:26:40","Auto ride","Card",false,"One-time"
"48dbecc9-ce91-494e-8552-3c46214413a9","Expense","Groceries",36.21,"2025-09-09 09:40:53","Snacks","Card",false,"One-time"
"4459d6ca-7fad-40f1-9da6-75dd5dcc9cbc","Expense","Food",5.57,"2025-09-06 15:58:44","Snacks","Card",false,"One-time"
"01f92b7d-cfda-4b1f-982e-10a88390cea5","Expense","Groceries",32.11,"2025-09-06 12:18:35","Snacks","Bank Transfer",false,"One-time"
"677b1f73-3322-482f-aecd-a4298799c5c6","Expense","Healthcare",65.22,"2025-09-05 23:17:37","Doctor visit / medicine","Cash",false,"One-time"
"f64fbe0d-60f5-41f2-8801-82511fe6b2f5","Expense","Food",12.72,"2025-09-05 22:54:27","Mess meal","Card",false,"One-time"
"cce672de-d30e-4f05-8573-9ae7e3bdad5b","Expense","Transport",3.28,"2025-09-05 22:14:19","Metro ride","Cash",false,"One-time"
"f12d5b75-28e7-4f0f-9c83-63b7a799e66f","Expense","Transport",25.3,"2025-09-05 16:18:23","Taxi ride","Cash",false,"One-time"
"55fb57eb-a533-4d32-809f-b71b8afdc215","Expense","Transport",8.57,"2025-09-04 06:09:32","Metro ride","Bank Transfer",false,"One-time"
"81b3b666-7953-419c-8fd1-3e01500b19f6","Expense","Transport",23.71,"2025-09-04 04:59:01","Taxi ride","Bank Transfer",false,"One-time"
"a28eb3bb-4237-4ac0-95ca-3c419d9b477a","Income","Allowance",905.1,"2025-09-04 01:08:43","Parental support","Bank Transfer",true,"Monthly"
"b86eaf85-cdee-4db1-b025-df2b9fb197a6","Expense","Rent",571.98,"2025-09-03 18:42:09","Monthly rent","Bank Transfer",true,"Monthly"
"e7e0011a-6ad3-4834-a327-17ed6bc78fa4","Expense","Entertainment",82.41,"2025-09-02 06:06:02","Outing with friends","Card",false,"One-time"
"bb6dc9fe-f983-4f79-9136-9b23bdd579af","Expense","Transport",2.59,"2025-09-01 23:52:07","Metro ride","Bank Transfer",false,"One-time"
"6eaea797-f8a2-4668-b319-5a19371b3378","Income","Part-time",188.15,"2025-09-01 12:39:53","Freelance project","Card",false,"One-time"
"1d64227f-9bab-46c0-9608-8f1dc9667ddd","Expense","Transport",9.8,"2025-08-28 18:47:37","Bus ride","Card",false,"One-time"
"3b1eaf3d-55d6-4ca3-ad30-94dfce93625f","Expense","Transport",5.0,"2025-08-28 07:53:33","Auto ride","Card",false,"One-time"
"6e149bde-f8c5-4442-858c-822bfd97c0e6","Expense","Transport",2.21,"2025-08-27 03:28:31","Metro ride","Cash",false,"One-time"
"0d398dcf-5985-4ee4-9f4a-4b7e81f428e9","Expense","Food",6.06,"2025-08-25 20:42:13","Mess meal","Cash",false,"One-time"
"0052868a-956e-4aeb-8f9d-3a0e2db5611e","Expense","Transport",7.9,"2025-08-25 18:55:44","Metro ride","Cash",false,"One-time"
"57671490-8c42-49bc-8ef9-127db6b5d7fb","Expense","Transport",19.62,"2025-08-25 04:55:45","Taxi ride","Card",false,"One-time"
"c7f7e717-d4c5-4948-b8ff-556839ad9f63","Expense","Transport",26.98,"2025-08-24 16:02:27","Taxi ride","Bank Transfer",false,"One-time"
"017daa0d-dd26-4a84-a565-9df5354651a0","Expense","Transport",4.55,"2025-08-23 23:26:13","Metro ride","Cash",false,"One-time"
"d1855ff1-aaa9-4358-ba8f-cf464ac5e562","Expense","Transport",8.2,"2025-08-23 19:34:36","Metro ride","Cash",false,"One-time"
"faa43e20-6323-44bf-aaec-11e6e772700f","Expense","Transport",8.63,"2025-08-23 17:18:11","Metro ride","Bank Transfer",false,"One-time"
"c274f7cb-02b1-452b-9d0f-5ceae83df4ef","Expense","Transport",17.18,"2025-08-23 02:12:57","Taxi ride","Card",false,"One-time"
"19100f9c-b5a6-456e-a690-df1cb66a78e2","Expense","Transport",30.52,"2025-08-22 17:57:18","Taxi ride","Bank Transfer",false,"One-time"
"e516da3b-b651-4579-8f33-095954dc6127","Expense","Food",18.4,"2025-08-22 15:31:11","Mess meal","Cash",false,"One-time"
"74a6c8b6-431f-4f1a-9849-f38a26478f44","Expense","Entertainment",46.7,"2025-08-22 10:22:09","Outing with friends","Card",false,"One-time"
"272a3917-e649-4ac3-a84d-db188a407575","Expense","Transport",1.85,"2025-08-22 04:10:15","Bus ride","Card",false,"One-time"
"865846c9-ab0a-4af5-a1ab-fdb18cf52cc6","Expense","Transport",29.83,"2025-08-21 20:50:20","Taxi ride","Bank Transfer",false,"One-time"
"6b5223a0-cabf-4e0c-b7c5-ce27d096977c","Expense","Transport",8.81,"2025-08-21 14:45:40","Bus ride","Cash",false,"One-time"
"02cffee4-a47b-4867-b570-0c761e717777","Expense","Groceries",42.57,"2025-08-21 11:18:13","Groceries","Cash",false,"One-time"
"19a98122-2a04-48ec-a08b-657445498e20","Expense","Transport",2.88,"2025-08-21 02:01:30","Auto ride","Card",false,"One-time"
"f36c7b6f-718c-40de-b885-d5cf94c07585","Income","Part-time",172.0,"2025-08-20 22:02:38","Freelance project","Card",false,"One-time"
"65f08f4b-64c5-42d5-a56d-2a8d1f0acb6b","Expense","Food",7.73,"2025-08-20 14:11:24","Restaurant","Bank Transfer",false,"One-time"
"57331a58-6c79-4c01-9f6b-2c7d32be9e56","Expense","Transport",5.88,"2025-08-20 10:47:59","Bus ride","Bank Transfer",false,"One-time"
"e2963260-443b-4940-ae21-db36536c98f9","Expense","Food",11.96,"2025-08-20 02:40:52","Mess meal","Bank Transfer",false,"One-time"
"f8752c49-96af-493d-a52c-8467cbc3c742","Expense","Transport",3.07,"2025-08-19 04:28:16","Auto ride","Bank Transfer",false,"One-time"
"25c7bf66-b1b4-4379-8538-594cb8e56c7e","Expense","Transport",6.32,"2025-08-17 17:28:29","Auto ride","Card",false,"One-time"
"bb69c4a0-697f-4fed-88a1-cd627040cb13","Expense","Food",19.43,"2025-08-17 03:04:57","Snacks","Card",false,"One-time"
"72a94125-2617-4642-88ca-76935902efb2","Expense","Transport",3.11,"2025-08-15 23:41:01","Auto ride","Cash",false,"One-time"
"2a69ec67-f49e-4de8-99f4-b935f8f9dd4d","Expense","Food",16.83,"2025-08-14 16:31:55","Groceries","Card",false,"One-time"
"090a7427-f0bf-4551-b42f-f196320b0367","Expense","Transport",4.02,"2025-08-13 22:21:33","Bus ride","Card",false,"One-time"
"b06815ba-ca5a-40e6-b5b2-a50c8cf10660","Expense","Utilities",65.72,"2025-08-13 22:08:13","Electricity, water, internet","Bank Transfer",true,"Monthly"
"2ad2c988-5bb7-43ec-bf7d-f8e2399b7711","Expense","Transport",5.5,"2025-08-12 11:28:31","Bus ride","Bank Transfer",false,"One-time"
"36b96956-9e56-4229-a7ab-b93d93a532a1","Expense","Transport",6.27,"2025-08-12 11:11:41","Bus ride","Cash",false,"One-time"
"c612aa91-f446-48b2-9987-25dbe4728e9a","Expense","Food",5.64,"2025-08-12 08:12:21","Mess meal","Card",false,"One-time"
"20e9370c-9ac6-4347-8458-09f31841ecb9","Expense","Transport",5.46,"2025-08-12 01:07:24","Auto ride","Cash",false,"One-time"
"dfa25029-ea62-4f8f-9a2a-bb8e53b66dd0","Expense","Transport",21.93,"2025-08-11 11:57:17","Taxi ride","Cash",false,"One-time"
"168dbde0-092a-4b09-8af8-4d81ae51488e","Expense","Shopping",118.31,"2025-08-11 04:00:47","Electronics","Bank Transfer",false,"One-time"
"aebe9da0-765c-4111-9fc6-9940df3454f0","Expense","Food",16.56,"2025-08-10 19:10:50","Restaurant","Cash",false,"One-time"
"de321305-d0a2-4117-8c92-3390e0d0dfd6","Expense","Food",13.36,"2025-08-08 18:09:58","Mess meal","Cash",false,"One-time"
"dc072756-b779-4165-875f-ec34c07a9600","Expense","Food",17.38,"2025-08-08 06:07:33","Restaurant","Card",false,"One-time"
"87f8b080-59c8-4289-a531-177aaec44d7d","Expense","Groceries",73.49,"2025-08-08 03:15:47","Groceries","Cash",false,"One-time"
"d6612236-a4c2-480c-9c41-1d52ab90eddf","Expense","Food",9.6,"2025-08-07 23:43:57","Mess meal","Card",false,"One-time"
"9b3a86ea-ab3f-458c-bf76-474ecfedc54a","Expense","Transport",3.85,"2025-08-06 09:04:06","Metro ride","Bank Transfer",false,"One-time"
"82b038c3-b836-499f-98ac-732b84232cd4","Expense","Transport",9.75,"2025-08-06 08:14:30","Auto ride","Cash",false,"One-time"
"6b5aeaa2-2fc9-4f5c-96d6-cc015d9dffbb","Expense","Transport",5.93,"2025-08-05 15:09:55","Metro ride","Bank Transfer",false,"One-time"
"d795b130-11ae-48e2-a86b-c93d172dbd0a","Expense","Transport",6.76,"2025-08-05 11:18:29","Metro ride","Cash",false,"One-time"
"5140eca0-c6db-4448-a236-a6774741b033","Expense","Transport",7.02,"2025-08-05 10:15:34","Bus ride","Bank Transfer",false,"One-time"
"d4712c04-5f85-4dff-9f29-e43589c9c812","Expense","Groceries",50.91,"2025-08-05 03:54:29","Snacks","Cash",false,"One-time"
"d4e2ad4b-398f-4043-9bc5-4e87d176ca16","Expense","Food",8.16,"2025-08-04 23:03:59","Mess meal","Card",false,"One-time"
"773e40e6-2e59-4a84-9a0e-9529714f70ec","Expense","Shopping",109.9,"2025-08-04 00:25:59","Books","Cash",false,"One-time"
"88b70a53-6905-4532-b22e-8787333ca5ca","Income","Allowance",873.93,"2025-08-03 16:28:26","Parental support","Bank Transfer",true,"Monthly"
"b5d87a26-e1b8-473f-96e1-6bb0466efd20","Expense","Food",22.81,"2025-08-03 15:37:31","Restaurant","Cash",false,"One-time"
"29b54ff3-6774-44a1-958d-78a6174ae734","Expense","Rent",571.69,"2025-08-03 13:44:51","Monthly rent","Bank Transfer",true,"Monthly"
"4ae7b699-a8b5-4818-ae86-01dd6d081b04","Expense","Food",9.96,"2025-08-01 23:27:47","Groceries","Bank Transfer",false,"One-time"
"9d6c7b11-8133-4800-a61a-8831a1759c83","Expense","Transport",5.53,"2025-08-01 09:26:43","Metro ride","Card",false,"One-time"
"ce9e56dd-2975-4f17-9b48-a7ce38545f81","Expense","Transport",28.35,"2025-07-26 17:41:19","Taxi ride","Card",false,"One-time"
"af21e045-25c8-4134-bcd1-71773183762f","Expense","Transport",6.21,"2025-07-25 09:41:12","Metro ride","Card",false,"One-time"
"46a4ef27-5bcc-4c6b-92f4-b0bebae5da6e","Expense","Food",24.92,"2025-07-25 01:24:24","Snacks","Card",false,"One-time"
"424d354c-d169-43a1-bb24-cccaf8af7e1d","Expense","Food",10.15,"2025-07-23 21:49:49","Mess meal","Card",false,"One-time"
"7921a8d5-0443-425f-8e46-57000ef67c81","Expense","Food",11.67,"2025-07-23 15:07:36","Snacks","Card",false,"One-time"
"2b0ec66e-3457-4eea-9df5-70671f0f376d","Expense","Entertainment",52.29,"2025-07-23 11:35:10","Outing with friends","Card",false,"One-time"
"4130a861-80a9-45b6-8fcd-567320c9ed05","Expense","Transport",33.38,"2025-07-23 11:31:05","Taxi ride","Cash",false,"One-time"
"d4dd8ad5-4b19-49ae-9e15-612e36e4ab11","Expense","Food",6.41,"2025-07-23 08:06:02","Snacks","Card",false,"One-time"
"8a00d460-fa6f-4509-b0f1-169b143348ab","Expense","Transport",37.41,"2025-07-22 06:19:44","Taxi ride","Bank Transfer",false,"One-time"
"292c7414-d293-4726-8494-41f6dfc0f166","Expense","Transport",2.18,"2025-07-21 20:05:23","Auto ride","Card",false,"One-time"
"fac09401-244c-42a2-8a9d-d61237c9b06c","Expense","Transport",8.0,"2025-07-19 17:08:20","Metro ride","Bank Transfer",false,"One-time"
"aca7ff14-ffed-4714-aabe-e49e4aded672","Expense","Transport",3.56,"2025-07-16 20:01:30","Bus ride","Bank Transfer",false,"One-time"
"403aeba4-f41c-4ea8-8245-7c81d9233c24","Expense","Groceries",40.92,"2025-07-16 03:09:34","Mess meal","Card",false,"One-time"
"993ba813-3b70-49dc-9813-c41b0a4d81cd","Expense","Transport",8.45,"2025-07-15 19:10:53","Bus ride","Cash",false,"One-time"
"3d3b7fe2-cd36-44b3-9921-e641c26cbfe3","Expense","Food",15.8,"2025-07-14 12:54:46","Mess meal","Card",false,"One-time"
"bef0b686-0ed4-4234-96ec-08c91ee15da2","Expense","Transport",23.11,"2025-07-14 10:51:53","Taxi ride","Bank Transfer",false,"One-time"
"c6d9a03b-5c39-4b47-afe1-58b30f57e41b","Expense","Transport",38.5,"2025-07-13 03:13:51","Taxi ride","Bank Transfer",false,"One-time"
"be8cc089-d9cf-45e9-b982-70d18655301b","Expense","Food",17.78,"2025-07-10 14:42:59","Snacks","Card",false,"One-time"
"21035815-4830-441b-a4e7-3b5ab72cc53a","Expense","Utilities",62.28,"2025-07-10 00:39:05","Electricity, water, internet","Bank Transfer",true,"Monthly"
"0e2b5fa2-a31c-4050-910d-52d41982ec73","Expense","Food",17.21,"2025-07-06 14:04:31","Restaurant","Bank Transfer",false,"One-time"
"4b2e9781-94c3-4c88-8537-690fd7957bde","Expense","Transport",2.7,"2025-07-06 10:04:07","Auto ride","Card",false,"One-time"
"486f63e3-af5a-45bd-b2de-880443ba89f3","Expense","Transport",1.81,"2025-07-05 23:37:14","Bus ride","Cash",false,"One-time"
"d1057f43-6c47-46ad-8c58-5c1fc4237756","Expense","Groceries",58.73,"2025-07-05 22:21:57","Groceries","Card",false,"One-time"
"0f607df5-7030-421a-88ae-653137fd99b5","Income","Allowance",871.68,"2025-07-05 21:57:53","Parental support","Bank Transfer",true,"Monthly"
"b0adb6fd-9dfc-440e-a3c7-f7875ddd48a5","Expense","Transport",9.19,"2025-07-05 00:11:40","Bus ride","Cash",false,"One-time"
"ff90e572-31dc-4160-8347-c830910c7772","Expense","Shopping",159.98,"2025-07-04 20:39:24","Clothes","Cash",false,"One-time"
"4e98e75d-7d1e-4ad3-b2f3-f061388ad326","Expense","Transport",2.04,"2025-07-04 15:38:51","Metro ride","Cash",false,"One-time"
"4a9c491c-e82b-4535-8699-077d0180a44c","Expense","Food",22.92,"2025-07-03 19:08:24","Restaurant","Card",false,"One-time"
"df3e3c40-eac7-4ca4-ba34-165f0e69074e","Expense","Rent",550.08,"2025-07-03 07:46:18","Monthly rent","Bank Transfer",true,"Monthly"
"15315d9b-9326-4c1c-b488-5ab0e39072aa","Expense","Transport",5.66,"2025-07-02 06:01:46","Metro ride","Cash",false,"One-time"
"1e8d654f-5249-4e46-938b-5443c4b94009","Expense","Food",23.66,"2025-07-01 15:09:41","Groceries","Card",false,"One-time"
"bf14511e-8e61-4950-a16e-3174c4746783","Expense","Education",382.7,"2025-07-01 05:59:05","Tuition / books / supplies","Bank Transfer",false,"One-time"
"9398ef58-0d98-4dc7-942a-a12f72d4d779","Expense","Transport",8.2,"2025-07-01 01:21:03","Auto ride","Cash",false,"One-time"
"b6134c0b-9d38-492d-9db4-655669f4e85e","Expense","Entertainment",70.43,"2025-06-28 13:39:58","Concert","Cash",false,"One-time"
"e61e79ff-74f5-4ccb-85fa-b12495e5147b","Expense","Groceries",46.27,"2025-06-27 15:07:37","Mess meal","Card",false,"One-time"
"654c8cce-8507-429b-a848-c1054ed30d5a","Expense","Shopping",152.18,"2025-06-25 21:47:15","Books","Bank Transfer",false,"One-time"
"2ce2a0cd-2b8f-4c59-9e5c-31eb3e962316","Expense","Food",18.22,"2025-06-25 20:51:00","Groceries","Bank Transfer",false,"One-time"
"9cbd8c5e-b576-46ae-a5fb-8088ec4b82dc","Expense","Transport",33.15,"2025-06-25 12:15:42","Taxi ride","Cash",false,"One-time"
"56ff0c6b-12e5-4f46-8b0c-ce09db214978","Expense","Transport",24.97,"2025-06-25 03:03:10","Taxi ride","Card",false,"One-time"
"48c08096-a0fb-4ec1-942e-466770de76f9","Expense","Food",14.3,"2025-06-24 23:33:54","Mess meal","Bank Transfer",false,"One-time"
"61b8edb2-585f-413d-8db7-f1500add50ae","Expense","Food",18.68,"2025-06-20 02:15:30","Snacks","Bank Transfer",false,"One-time"
"fed47455-2fc6-4be8-923f-6776e80d07ca","Expense","Transport",9.66,"2025-06-19 23:21:26","Auto ride","Card",false,"One-time"
"487c2590-57a8-4d6a-bf0e-d2ea793b3789","Expense","Groceries",65.89,"2025-06-19 21:19:58","Snacks","Cash",false,"One-time"
"0438b5ae-5eda-4f3f-a45f-68f9985bcffa","Expense","Groceries",72.38,"2025-06-19 00:39:32","Snacks","Cash",false,"One-time"
"1bc9cd11-b98e-4b77-8976-c963babc8d12","Expense","Food",5.67,"2025-06-17 08:26:59","Mess meal","Bank Transfer",false,"One-time"
"b8ccf0b0-3fcf-4393-bfad-9b9dc0d66425","Expense","Transport",3.64,"2025-06-17 02:54:50","Auto ride","Bank Transfer",false,"One-time"
"9624e4cf-9518-43c4-a0d8-14b42f4bb2ca","Expense","Transport",4.73,"2025-06-16 23:48:59","Metro ride","Bank Transfer",false,"One-time"
"59f3c22d-096b-4240-8e4d-2746b578b135","Expense","Groceries",78.09,"2025-06-16 22:23:07","Mess meal","Cash",false,"One-time"
"e9cb5548-e95f-4829-a0d0-b82a163a9286","Expense","Food",9.35,"2025-06-16 20:42:03","Restaurant","Bank Transfer",false,"One-time"
"ebe85426-21f1-4063-9bf3-aedf35d4d468","Expense","Groceries",72.34,"2025-06-14 19:00:36","Restaurant","Bank Transfer",false,"One-time"
"83512a49-6385-40b4-9669-70bdb950b0d4","Expense","Groceries",73.01,"2025-06-14 04:05:08","Groceries","Bank Transfer",false,"One-time"
"bf9b5800-71bb-406f-bd0a-60902f9b8c8d","Expense","Transport",2.33,"2025-06-13 21:20:33","Bus ride","Bank Transfer",false,"One-time"
"8c88e8e9-526f-4f15-87a9-075efd1e253f","Expense","Transport",15.3,"2025-06-13 15:16:09","Taxi ride","Card",false,"One-time"
"a61083bb-5e91-4fbf-928b-c223fada44a5","Expense","Food",14.5,"2025-06-13 13:34:13","Restaurant","Bank Transfer",false,"One-time"
"c12ce9f2-86ff-4a21-98c7-2dcd878c7487","Expense","Food",10.77,"2025-06-13 11:53:26","Restaurant","Cash",false,"One-time"
"d2ffcc66-9e98-4854-89cf-bf55b54e7250","Expense","Food",7.19,"2025-06-12 17:03:00","Snacks","Cash",false,"One-time"
"01a5e1c1-7389-44e8-b76b-9be69116046f","Expense","Utilities",83.64,"2025-06-12 06:52:44","Electricity, water, internet","Bank Transfer",true,"Monthly"
"0d69651a-51dd-4412-9f43-635b86dd37b9","Expense","Shopping",76.39,"2025-06-11 21:44:11","Clothes","Bank Transfer",false,"One-time"
"c0708a17-4178-462d-98a0-aeac99d08113","Expense","Transport",26.35,"2025-06-11 17:49:00","Taxi ride","Card",false,"One-time"
"52316352-dfa1-4b6f-a877-a2ffacca3604","Expense","Transport",8.62,"2025-06-11 02:09:38","Metro ride","Card",false,"One-time"
"21b617ee-789a-4f80-98b0-82aa81260cbd","Expense","Transport",5.62,"2025-06-10 23:39:01","Auto ride","Cash",false,"One-time"
"2fe8c199-463a-4e6b-835b-871389e3b20b","Expense","Groceries",39.78,"2025-06-10 12:39:36","Snacks","Card",false,"One-time"
"d64ab1d1-5094-4d45-b0de-5fb7b3ab85e2","Expense","Transport",7.68,"2025-06-10 05:02:44","Auto ride","Bank Transfer",false,"One-time"
"8ab580b4-23e8-4682-b88e-4d86217c3ee5","Expense","Transport",8.29,"2025-06-09 22:15:31","Metro ride","Cash",false,"One-time"
"e40cd383-9849-4732-83ae-87640e942c9c","Expense","Transport",7.8,"2025-06-09 08:54:16","Bus ride","Bank Transfer",false,"One-time"
"f71567a5-c12a-4df7-8387-2395a35814b9","Expense","Entertainment",36.7,"2025-06-09 08:51:06","Outing with friends","Cash",false,"One-time"
"41c12e90-59ba-4282-8309-6634ee701bd7","Expense","Transport",6.37,"2025-06-09 01:40:30","Metro ride","Bank Transfer",false,"One-time"
"3ec00219-95e2-4b85-92c8-48b3c8d262e8","Expense","Groceries",61.26,"2025-06-08 13:44:37","Groceries","Card",false,"One-time"
"f69abbc0-4092-4b6c-ac30-effe40d6d76a","Expense","Transport",1.96,"2025-06-07 18:46:53","Auto ride","Card",false,"One-time"
"c5470a9b-2b35-4d64-a5c1-2ea8546ceca8","Income","Part-time",395.75,"2025-06-06 21:42:04","Freelance project","Card",false,"One-time"
"a7d63dbc-8e5c-46dc-9f33-b9e2c68e99f8","Expense","Transport",24.24,"2025-06-06 18:47:09","Taxi ride","Cash",false,"One-time"
"c61c43eb-bfb0-46cc-9ac0-5684aef4c196","Expense","Groceries",49.24,"2025-06-06 14:32:27","Restaurant","Cash",false,"One-time"
"7e0cb212-479d-4660-bc85-d88729821d0a","Expense","Food",18.71,"2025-06-06 09:25:04","Groceries","Card",false,"One-time"
"90323da6-ab1d-42e6-8c99-afd70a63fd65","Income","Allowance",904.45,"2025-06-04 18:50:21","Parental support","Bank Transfer",true,"Monthly"
"a23781fd-117b-4c61-95de-0b9df386cca7","Expense","Education",310.11,"2025-06-03 00:26:06","Tuition / books / supplies","Bank Transfer",false,"One-time"
"e2e0b04f-84f1-4132-b06b-8bd7f0f82cb7","Expense","Rent",555.35,"2025-06-02 17:10:30","Monthly rent","Bank Transfer",true,"Monthly"
"85624a1f-8752-492f-b4be-c00f5e20d161","Expense","Food",19.43,"2025-06-01 02:41:01","Groceries","Bank Transfer",false,"One-time"
"8cce0146-918f-45c3-82ce-4176a55f3fcd","Expense","Transport",5.47,"2025-05-28 19:55:05","Auto ride","Cash",false,"One-time"
"003f2d7d-de13-4255-b35d-6ad66484edb9","Expense","Transport",9.42,"2025-05-28 16:07:00","Auto ride","Bank Transfer",false,"One-time"
"b9e5ba74-34b8-4eb4-bd72-fdced71f0f97","Expense","Transport",7.53,"2025-05-28 09:45:54","Auto ride","Card",false,"One-time"
"d1054b22-49ff-4ab1-8eaa-f1244aa07ecd","Expense","Groceries",50.7,"2025-05-28 06:51:39","Snacks","Card",false,"One-time"
"f5855942-e565-433c-a3e7-e565cce0e458","Expense","Groceries",75.81,"2025-05-27 10:59:43","Mess meal","Bank Transfer",false,"One-time"
"0a5924d0-6cdf-48bd-a820-425beb5415ab","Expense","Food",21.7,"2025-05-26 13:59:47","Snacks","Bank Transfer",false,"One-time"
"ca8f87a4-615f-4215-82c5-c780f193d476","Expense","Transport",27.65,"2025-05-25 06:58:05","Taxi ride","Card",false,"One-time"
"9a195c4e-e2f1-4420-9616-253f7362d9d5","Expense","Groceries",66.2,"2025-05-24 20:33:05","Snacks","Card",false,"One-time"
"064c4531-4a05-4809-94a7-7408a445578d","Expense","Food",22.67,"2025-05-24 20:31:31","Restaurant","Bank Transfer",false,"One-time"
"efa6c660-1997-41a5-be8c-7c23376d17b8","Expense","Transport",26.76,"2025-05-22 20:45:49","Taxi ride","Cash",false,"One-time"
"2e24893b-b197-46ab-b708-81ec8a2528e3","Expense","Transport",5.35,"2025-05-22 10:50:55","Auto ride","Cash",false,"One-time"
"a9f42513-91ba-41e7-a034-058c732b3135","Expense","Transport",5.4,"2025-05-22 04:13:46","Bus ride","Bank Transfer",false,"One-time"
"885d69c1-c3dd-483a-be89-1254e2425c28","Expense","Transport",19.68,"2025-05-21 17:53:10","Taxi ride","Cash",false,"One-time"
"36e8ff26-6e1c-429f-9192-e80bf5313a3b","Expense","Transport",3.94,"2025-05-21 06:20:12","Metro ride","Bank Transfer",false,"One-time"
"e7ba9aa2-2a05-420b-90d8-51a480fae26c","Expense","Food",17.4,"2025-05-20 19:00:15","Restaurant","Cash",false,"One-time"
"a010aab2-bbfa-42f7-8b62-38e90fade462","Expense","Shopping",38.53,"2025-05-20 18:08:32","Clothes","Cash",false,"One-time"
"2f6d9096-a20b-4f87-811f-87fdc22baa64","Expense","Food",23.54,"2025-05-20 10:16:33","Groceries","Bank Transfer",false,"One-time"
"34201fa5-636b-4f40-b021-87900300669b","Expense","Food",5.98,"2025-05-19 19:19:21","Groceries","Cash",false,"One-time"
"254d2012-16ba-45a3-ae9e-d62e9f65ce7f","Expense","Transport",17.43,"2025-05-19 04:05:52","Taxi ride","Card",false,"One-time"
"bcc30243-1870-439a-be60-73bf7ef720b7","Expense","Food",18.8,"2025-05-18 20:13:00","Snacks","Cash",false,"One-time"
"cd017e21-5a2d-453b-9033-ac70626c7c6a","Expense","Shopping",74.38,"2025-05-18 20:04:50","Stationery","Cash",false,"One-time"
"a4fcd7b6-3432-4569-a324-a854d40683ed","Expense","Transport",8.3,"2025-05-18 17:01:13","Auto ride","Card",false,"One-time"
"241d1b3f-f4e5-4448-9257-71820836b52a","Expense","Transport",6.38,"2025-05-18 10:17:09","Auto ride","Cash",false,"One-time"
"382f1704-cd92-428f-b716-ce71a0782d75","Expense","Food",17.24,"2025-05-17 13:33:13","Mess meal","Bank Transfer",false,"One-time"
"fa9b522c-33a7-4455-a898-a9e3a5074265","Expense","Transport",33.31,"2025-05-17 04:12:21","Taxi ride","Bank Transfer",false,"One-time"
"d935328a-e78e-4d22-ad32-f359fc7a7e5e","Expense","Groceries",52.69,"2025-05-16 07:13:37","Groceries","Cash",false,"One-time"
"958f7c13-e8fe-46f7-90ac-bd5363246220","Expense","Entertainment",54.21,"2025-05-16 03:22:30","Movie","Cash",false,"One-time"
"b0b5f5e9-b746-46da-a1a6-7fc231345d1e","Expense","Transport",4.66,"2025-05-14 02:31:56","Metro ride","Card",false,"One-time"
"9b82c7c9-768c-4154-a606-19099d3aac1f","Expense","Transport",2.77,"2025-05-11 14:42:07","Auto ride","Card",false,"One-time"
"11b17e0e-3eb5-4c29-a4d9-0be4a94b079f","Expense","Food",21.64,"2025-05-11 10:25:46","Restaurant","Card",false,"One-time"
"2b9fb5b6-d31e-4fe2-a778-4f58177f248f","Expense","Transport",9.78,"2025-05-11 06:45:48","Bus ride","Card",false,"One-time"
"bb7d6386-156f-4123-8cba-0ebc6ae65d57","Expense","Utilities",90.62,"2025-05-11 06:00:39","Electricity, water, internet","Bank Transfer",true,"Monthly"
"f7cc7f70-65e1-40fc-92ee-4601c4d6863f","Expense","Transport",8.49,"2025-05-10 10:09:49","Bus ride","Bank Transfer",false,"One-time"
"7cbb236c-8aec-4e73-96cc-c1e16d301208","Expense","Food",20.34,"2025-05-10 09:32:35","Mess meal","Bank Transfer",false,"One-time"
"38f88d25-8f0f-427e-b4ea-68dbeccf1f86","Expense","Food",14.3,"2025-05-10 06:00:07","Mess meal","Bank Transfer",false,"One-time"
"4c88abb4-1efa-42f7-98dd-7d55b327c239","Expense","Transport",4.68,"2025-05-07 16:19:11","Bus ride","Cash",false,"One-time"
"54297a8f-17c2-4c3e-a22d-a9c0c04484c3","Expense","Food",24.33,"2025-05-06 21:18:39","Snacks","Cash",false,"One-time"
"567bf5a5-ffae-4310-86b5-041f60c33b62","Expense","Food",5.73,"2025-05-06 04:03:41","Mess meal","Bank Transfer",false,"One-time"
"8772271b-f686-43aa-a95a-59833eb32968","Expense","Transport",4.83,"2025-05-05 19:16:58","Auto ride","Bank Transfer",false,"One-time"
"9ea332fb-fbd0-46eb-a08c-34d481eeebbf","Expense","Groceries",74.6,"2025-05-05 15:09:40","Snacks","Card",false,"One-time"
"1619dec6-e09e-4c85-a263-d5ac25b89112","Expense","Transport",2.4,"2025-05-05 00:30:57","Bus ride","Cash",false,"One-time"
"5607ef9c-9b5b-4d22-8742-445e3212f1be","Expense","Transport",1.69,"2025-05-04 16:49:42","Auto ride","Card",false,"One-time"
"353a6d9b-6dad-4167-8939-05e7bfca4853","Expense","Rent",544.7,"2025-05-04 09:40:11","Monthly rent","Bank Transfer",true,"Monthly"
"88a1491c-3c2d-441a-addb-4d04c6a91bba","Expense","Transport",3.26,"2025-05-04 00:39:35","Bus ride","Card",false,"One-time"
"82aad50e-c0ca-4ba7-8e37-9ccd7f3f8dda","Expense","Transport",30.41,"2025-05-03 13:25:11","Taxi ride","Card",false,"One-time"
"b0d105b1-9d10-4f09-af27-902eb3d906c1","Expense","Transport",6.09,"2025-05-03 09:39:57","Auto ride","Cash",false,"One-time"
"0af56fcc-da97-4d12-aa72-f87270009a42","Expense","Food",18.89,"2025-05-03 09:30:08","Snacks","Card",false,"One-time"
"975a4471-b9c7-429e-88bf-90848e17dc70","Expense","Groceries",71.01,"2025-05-03 09:20:23","Groceries","Bank Transfer",false,"One-time"
"da308aa4-5e3b-4e77-815e-7cd8c96889b5","Expense","Transport",4.38,"2025-05-03 04:17:53","Bus ride","Card",false,"One-time"
"3186fb56-c835-42ee-8bf9-cd391fee3fc9","Income","Allowance",899.86,"2025-05-01 14:31:54","Parental support","Bank Transfer",true,"Monthly"
"b08be237-e4ba-40dc-acdc-39e46afc8616","Expense","Transport",8.87,"2025-04-28 19:31:44","Auto ride","Cash",false,"One-time"
"c78e84e0-68be-4fe0-a550-b0feceab323d","Expense","Shopping",148.17,"2025-04-28 04:11:49","Stationery","Cash",false,"One-time"
"b7dfdeb5-83bf-4423-a69d-e68441e6a1db","Income","Part-time",446.96,"2025-04-28 03:01:18","Freelance project","Card",false,"One-time"
"4ffd4faa-8fac-4ce5-b8ab-00e25d4c9d16","Expense","Transport",32.8,"2025-04-25 15:08:32","Taxi ride","Card",false,"One-time"
"aabbd763-b737-4921-8141-47e97cdcbe24","Expense","Entertainment",63.07,"2025-04-25 05:58:21","Outing with friends","Card",false,"One-time"
"1e7e8427-49b1-4acc-8231-9a4bf1a9403d","Expense","Food",11.35,"2025-04-25 04:41:59","Mess meal","Cash",false,"One-time"
"27341233-3be7-4f69-81bd-8c7854d1496b","Expense","Transport",2.06,"2025-04-24 21:12:48","Metro ride","Card",false,"One-time"
"82c32e66-1d0a-4392-a9b6-a67048450401","Expense","Transport",23.09,"2025-04-23 17:08:25","Taxi ride","Cash",false,"One-time"
"aabc1557-8d8e-47ca-8ba0-61768ee162ac","Expense","Food",11.67,"2025-04-23 00:02:15","Groceries","Bank Transfer",false,"One-time"
"5889494d-f880-4c04-aa88-77d3a7d59af5","Income","Part-time",303.42,"2025-04-21 12:14:24","Freelance project","Card",false,"One-time"
"7c0bf8b9-23bb-4f5d-9ad2-26fd3d1fadb2","Expense","Transport",5.93,"2025-04-20 23:36:38","Bus ride","Card",false,"One-time"
"f7bb01d1-034e-4f5a-b57f-4577c7a7ec89","Expense","Food",11.18,"2025-04-18 21:51:12","Restaurant","Card",false,"One-time"
"a9372546-d071-4eec-9454-0a7507682d89","Expense","Transport",3.11,"2025-04-18 12:33:48","Bus ride","Card",false,"One-time"
"787bbbe3-6219-4227-aa5f-627070def503","Expense","Food",22.57,"2025-04-17 08:51:03","Mess meal","Bank Transfer",false,"One-time"
"c7219720-4721-4a1b-b4eb-5cfee83760bc","Expense","Transport",3.03,"2025-04-15 02:46:32","Bus ride","Bank Transfer",false,"One-time"
"76fda249-1ad7-4adb-851a-56c0846e29df","Expense","Transport",39.6,"2025-04-15 01:56:15","Taxi ride","Cash",false,"One-time"
"73edea12-ac7d-441b-b944-c7ed73810e71","Expense","Transport",33.01,"2025-04-14 12:49:02","Taxi ride","Card",false,"One-time"
"63da26aa-0e31-4577-8227-3a7aab42edc1","Expense","Transport",4.72,"2025-04-13 23:50:32","Metro ride","Card",false,"One-time"
"27d53e1a-18cb-447c-bb9c-606b8fe121dc","Expense","Food",13.35,"2025-04-13 16:43:39","Restaurant","Card",false,"One-time"
"d64c9a96-6f2f-480a-b492-6493d307cdfe","Expense","Transport",5.42,"2025-04-13 09:49:52","Auto ride","Card",false,"One-time"
"2b654721-b6ba-42c2-8dfd-76549116bbc7","Expense","Utilities",97.81,"2025-04-12 01:29:41","Electricity, water, internet","Bank Transfer",true,"Monthly"
"a7f20a03-c90e-491c-a817-c5e488e990cc","Expense","Food",8.73,"2025-04-11 15:55:38","Groceries","Bank Transfer",false,"One-time"
"417cd758-b7aa-4efb-b7f5-7312867951f8","Expense","Food",22.6,"2025-04-11 04:46:01","Groceries","Card",false,"One-time"
"54611df3-3652-4b3c-b0a0-40a16d5a47b8","Expense","Transport",5.44,"2025-04-10 19:58:03","Metro ride","Bank Transfer",false,"One-time"
"f8a664a0-f6f2-4dbb-8ac9-73da038953b2","Expense","Food",9.14,"2025-04-10 19:21:28","Restaurant","Bank Transfer",false,"One-time"
"34da5025-70dd-42a8-826f-308d8f6658e4","Expense","Food",8.04,"2025-04-10 14:47:59","Restaurant","Cash",false,"One-time"
"e2927679-bab5-43dd-a3b1-5c0043ddf82d","Expense","Transport",7.61,"2025-04-09 10:44:41","Metro ride","Cash",false,"One-time"
"2b01d1bc-215f-4a3a-8607-a74c778e6e14","Expense","Groceries",62.85,"2025-04-09 07:09:21","Mess meal","Bank Transfer",false,"One-time"
"6195fe60-6c7b-44cf-9d17-5441ceeb25f7","Expense","Transport",4.55,"2025-04-08 19:14:14","Bus ride","Bank Transfer",false,"One-time"
"54976762-14c3-44c7-a575-b5d936a5b761","Expense","Transport",9.0,"2025-04-06 14:37:57","Metro ride","Cash",false,"One-time"
"896a409d-cce6-4f12-9338-0a02db95e0b3","Expense","Transport",2.89,"2025-04-06 12:31:30","Metro ride","Cash",false,"One-time"
"baa8c000-7460-424f-92a0-9285d4a60414","Expense","Transport",6.65,"2025-04-06 00:48:39","Auto ride","Bank Transfer",false,"One-time"
"1aef0484-ea95-4b82-bf08-220c202f2a13","Expense","Food",12.11,"2025-04-06 00:22:43","Snacks","Cash",false,"One-time"
"3270e5d5-5181-4105-b508-f18d7890c7d0","Expense","Transport",2.23,"2025-04-03 03:45:28","Auto ride","Bank Transfer",false,"One-time"
"f716c840-2419-4918-a416-65eca222cbd0","Expense","Transport",9.58,"2025-04-02 13:48:00","Auto ride","Cash",false,"One-time"
"b5ac82a2-087b-4622-bd77-241e69be0a12","Income","Allowance",916.3,"2025-04-01 12:42:17","Parental support","Bank Transfer",true,"Monthly"
"45a07c64-4dbb-483d-9d26-cf33bdb27a7e","Expense","Rent",567.86,"2025-04-01 09:12:50","Monthly rent","Bank Transfer",true,"Monthly"
"df4917ba-50a7-4492-8c4d-10c9eeb85c71","Expense","Entertainment",73.97,"2025-03-28 09:00:21","Movie","Cash",false,"One-time"
"e002f510-3b23-4e9c-8600-6b57bd8978e8","Expense","Transport",6.89,"2025-03-28 07:47:41","Bus ride","Bank Transfer",false,"One-time"
"80314d77-a952-4864-8535-b8888ed28a58","Expense","Transport",3.57,"2025-03-28 02:07:47","Bus ride","Bank Transfer",false,"One-time"
"4f29d4f4-fe61-412d-ae9a-948b0cb8405f","Expense","Transport",2.3,"2025-03-27 08:58:35","Metro ride","Card",false,"One-time"
"9cb6b467-80fc-4338-810e-8f0dd5a1acb4","Expense","Groceries",71.1,"2025-03-26 20:03:23","Mess meal","Bank Transfer",false,"One-time"
"f427afe6-4bb5-4f98-85d3-5f3000108535","Expense","Transport",2.2,"2025-03-26 12:09:08","Auto ride","Bank Transfer",false,"One-time"
"056b04d3-9fec-41a0-93f9-454a8e4579f8","Expense","Transport",25.41,"2025-03-25 10:22:56","Taxi ride","Cash",false,"One-time"
"18f74482-1964-4416-bf8f-db5d0412f2d7","Expense","Transport",3.39,"2025-03-24 12:28:48","Bus ride","Card",false,"One-time"
"f404dcab-fd8e-40f3-bf16-925031513a6c","Expense","Transport",39.0,"2025-03-24 08:23:28","Taxi ride","Cash",false,"One-time"
"abd925eb-7279-46cb-86bf-303e95db8222","Expense","Transport",2.22,"2025-03-24 01:35:25","Auto ride","Bank Transfer",false,"One-time"
"25e45c96-6eab-48e2-a3c6-f81b3434ab45","Expense","Transport",5.9,"2025-03-24 01:18:38","Bus ride","Card",false,"One-time"
"ec218471-9177-496a-b76b-a4018897c808","Expense","Food",18.11,"2025-03-23 02:00:59","Mess meal","Card",false,"One-time"
"24c6d954-6a77-4fb2-8434-f29e896d4b39","Expense","Transport",25.59,"2025-03-22 18:05:07","Taxi ride","Card",false,"One-time"
"ea5de7d3-edf9-446f-bef2-d3a6f89c71bc","Expense","Transport",4.69,"2025-03-20 07:36:34","Metro ride","Bank Transfer",false,"One-time"
"ea37c032-6e87-4cc2-bf06-f03599ad1d93","Expense","Healthcare",53.21,"2025-03-19 21:33:02","Doctor visit / medicine","Cash",false,"One-time"
"ff95b784-05e8-480e-b3c4-fda5ea7dbabc","Expense","Shopping",118.78,"2025-03-18 16:48:16","Books","Bank Transfer",false,"One-time"
"5f3367ca-fbd4-4de3-b077-e9d716783da5","Expense","Food",16.17,"2025-03-17 21:15:36","Groceries","Bank Transfer",false,"One-time"
"6ea02f9d-baa6-48ce-a7f6-1c17038a6f41","Expense","Food",8.57,"2025-03-17 21:04:02","Mess meal","Cash",false,"One-time"
"b37d1931-7ae5-424d-bd63-45aab546c21d","Expense","Transport",8.1,"2025-03-17 07:15:04","Auto ride","Card",false,"One-time"
"3848a685-68ce-4952-851e-e998733531cf","Expense","Food",15.63,"2025-03-17 03:06:46","Restaurant","Cash",false,"One-time"
"c0a6b26f-6f0d-4c17-bb12-abaa962a2357","Expense","Transport",6.56,"2025-03-16 22:44:36","Bus ride","Card",false,"One-time"
"6184e7da-7791-4f00-b0e2-f39fcfdfa23b","Expense","Food",5.98,"2025-03-16 16:39:44","Restaurant","Bank Transfer",false,"One-time"
"b9ca317c-31ca-4990-a136-8218620b4c7e","Expense","Transport",6.27,"2025-03-16 12:41:36","Metro ride","Bank Transfer",false,"One-time"
"56f6bd34-39c8-4784-8c94-340a7f60d6a2","Expense","Shopping",153.2,"2025-03-16 00:21:13","Books","Card",false,"One-time"
"febb6178-84e1-40da-90da-7f9f0aba0225","Expense","Transport",5.59,"2025-03-14 22:08:48","Metro ride","Cash",false,"One-time"
"10da8c26-c161-420a-b800-a7c58d4b0cc0","Expense","Utilities",82.06,"2025-03-14 21:31:49","Electricity, water, internet","Bank Transfer",true,"Monthly"
"cd0bf92a-73b8-4a36-834f-3bab040b3221","Expense","Transport",4.21,"2025-03-13 01:19:33","Bus ride","Bank Transfer",false,"One-time"
"924fea22-b344-4091-94ce-cd8115efc98b","Expense","Transport",30.58,"2025-03-12 19:52:51","Taxi ride","Card",false,"One-time"
"da6e33c9-9545-40e1-9842-1e1755314b73","Expense","Transport",9.06,"2025-03-12 04:08:16","Auto ride","Cash",false,"One-time"
"088acad6-6e28-493e-8fcc-43a1ad298adf","Expense","Food",13.25,"2025-03-11 17:20:54","Groceries","Bank Transfer",false,"One-time"
"3fdd1fb3-bb16-4826-9007-1148a1b2d75c","Expense","Food",21.69,"2025-03-09 16:02:46","Mess meal","Cash",false,"One-time"
"7727299a-1323-4b8b-9288-185f415fccbc","Expense","Transport",6.35,"2025-03-08 08:51:19","Bus ride","Bank Transfer",false,"One-time"
"7518d780-015c-4fee-b7c4-0fd3f201f88d","Expense","Transport",8.24,"2025-03-07 23:04:46","Auto ride","Cash",false,"One-time"
"bf47d2b1-8c60-4107-a9ab-faf5624e5ee3","Expense","Transport",8.04,"2025-03-07 10:22:38","Bus ride","Cash",false,"One-time"
"326565ad-3bda-49ce-b583-d346c4c58945","Expense","Food",18.15,"2025-03-06 05:35:25","Groceries","Card",false,"One-time"
"c12bee32-39db-46ac-a34c-4576e1826788","Expense","Transport",2.8,"2025-03-05 10:32:44","Metro ride","Bank Transfer",false,"One-time"
"3641d838-cf5e-44c3-8940-87bc268a75ec","Income","Allowance",914.09,"2025-03-05 09:20:26","Parental support","Bank Transfer",true,"Monthly"
"286a963e-92e2-4c0b-81c6-505f091d0eb1","Expense","Groceries",65.13,"2025-03-04 20:36:22","Groceries","Cash",false,"One-time"
"9f370f93-b832-4f36-8fda-fae703c7b18f","Expense","Food",16.42,"2025-03-04 15:12:06","Groceries","Bank Transfer",false,"One-time"
"cd3330bc-337b-47c7-938b-70f4ef0fd917","Expense","Transport",16.96,"2025-03-02 23:51:36","Taxi ride","Cash",false,"One-time"
"2615e583-6a32-4c08-bfef-acbb2117f9f2","Expense","Transport",2.83,"2025-03-02 07:12:43","Auto ride","Bank Transfer",false,"One-time"
"6f7a9b65-e535-4afb-b3f0-9b8b8f0a1581","Expense","Rent",555.5,"2025-03-01 21:34:52","Monthly rent","Bank Transfer",true,"Monthly"
"5882ce1f-9216-4f13-8911-e697383e20a8","Expense","Transport",1.68,"2025-03-01 09:14:13","Auto ride","Bank Transfer",false,"One-time"
"1cdf5c95-f02c-4b14-a30a-0528780c474b","Expense","Shopping",119.81,"2025-02-28 19:58:55","Clothes","Bank Transfer",false,"One-time"
"67a3e7b7-2efe-4034-92ea-bd5c1464835a","Expense","Food",15.97,"2025-02-28 15:29:55","Restaurant","Bank Transfer",false,"One-time"
"adea55cb-4c1f-4dc2-9662-861a66b23216","Expense","Healthcare",51.04,"2025-02-28 11:49:39","Doctor visit / medicine","Cash",false,"One-time"
"424dc303-9aad-445c-9b2b-8e15e71b0fe0","Expense","Transport",9.78,"2025-02-27 12:53:00","Bus ride","Bank Transfer",false,"One-time"
"89626b0a-9b37-49ef-83ec-b72c1c2944ce","Expense","Groceries",41.03,"2025-02-24 20:24:53","Mess meal","Card",false,"One-time"
"e59c9755-0f04-4198-a13f-6cd1444f9d1b","Expense","Transport",23.95,"2025-02-24 06:01:44","Taxi ride","Cash",false,"One-time"
"1edadf0b-93c1-4a01-8152-6cd2e1915c47","Expense","Transport",1.63,"2025-02-24 00:14:05","Metro ride","Cash",false,"One-time"
"e85e628d-0774-4c71-ab76-3905390694ad","Expense","Transport",1.98,"2025-02-23 01:21:05","Metro ride","Card",false,"One-time"
"025ae378-60fd-40e6-a2dc-15d2d5716a6f","Expense","Food",14.63,"2025-02-21 20:34:19","Restaurant","Cash",false,"One-time"
"eb86d27a-480c-4e7e-abe0-ab4731a03a07","Expense","Food",6.58,"2025-02-21 19:36:25","Snacks","Cash",false,"One-time"
"d99a1f21-e63d-4ab6-bfcf-583b94756243","Expense","Education",174.21,"2025-02-21 16:24:46","Tuition / books / supplies","Bank Transfer",false,"One-time"
"e03f65bf-5833-4c16-9828-bd3d68dd7a90","Expense","Food",19.75,"2025-02-21 12:19:14","Groceries","Bank Transfer",false,"One-time"
"95614216-5680-44f5-8f4a-373fc7ab7eae","Expense","Transport",4.66,"2025-02-19 22:30:44","Metro ride","Cash",false,"One-time"
"f7723030-c383-4d5f-a17c-da9d96f963f1","Expense","Transport",1.58,"2025-02-19 03:25:50","Metro ride","Cash",false,"One-time"
"2c90b930-73ab-4500-926d-327cc01cc7a3","Income","Part-time",203.09,"2025-02-18 17:59:51","Freelance project","Card",false,"One-time"
"f7784e74-3887-425a-a0ab-10345e18faa5","Expense","Transport",3.05,"2025-02-18 08:26:12","Bus ride","Card",false,"One-time"
"92084786-640b-4ae3-a5f5-b5a8b2181642","Expense","Groceries",61.55,"2025-02-18 05:37:38","Groceries","Bank Transfer",false,"One-time"
"0348c3f4-7d11-43a2-8162-47c53ae6ae1a","Expense","Transport",3.92,"2025-02-17 19:51:44","Auto ride","Bank Transfer",false,"One-time"
"8d809898-ce66-4cc6-b3b5-ef6d771c0d7d","Expense","Groceries",56.75,"2025-02-17 04:22:18","Groceries","Card",false,"One-time"
"b164ebfc-5a91-4878-85e0-a0d4e7f02106","Expense","Transport",2.85,"2025-02-16 12:43:19","Auto ride","Bank Transfer",false,"One-time"
"2890d2c2-57c9-4c18-9f7f-726342e8628e","Expense","Transport",1.92,"2025-02-16 06:20:01","Metro ride","Bank Transfer",false,"One-time"
"13d41f89-e199-4965-abeb-e2b2211ac986","Expense","Groceries",50.7,"2025-02-15 11:47:37","Restaurant","Cash",false,"One-time"
"e485623f-b4bb-489b-b48e-aa489b708e2a","Expense","Food",8.11,"2025-02-15 09:23:26","Mess meal","Cash",false,"One-time"
"af34f6cc-f8ff-4dd7-a4ea-73d1f1dfc750","Expense","Groceries",49.74,"2025-02-12 06:26:56","Restaurant","Bank Transfer",false,"One-time"
"811e6b7d-a0a4-4d8d-b634-0af68ac97972","Expense","Groceries",74.48,"2025-02-11 21:32:31","Groceries","Bank Transfer",false,"One-time"
"19ef4393-002f-401c-90d4-e7b6255cb8e2","Expense","Transport",39.95,"2025-02-11 13:19:50","Taxi ride","Card",false,"One-time"
"8e3dbf2d-2339-475a-9a0e-b719bde02013","Expense","Food",17.11,"2025-02-11 10:41:18","Groceries","Card",false,"One-time"
"12dd1da1-2e5a-4366-93a4-841d8242312c","Expense","Food",17.81,"2025-02-10 14:40:09","Snacks","Card",false,"One-time"
"d993b557-f0c4-447c-8321-26cb4b423b49","Expense","Utilities",79.06,"2025-02-10 06:52:16","Electricity, water, internet","Bank Transfer",true,"Monthly"
"726fa3b5-0cb1-4dfe-99cc-de4e325ab185","Expense","Transport",8.84,"2025-02-10 06:23:56","Bus ride","Cash",false,"One-time"
"938c29b0-4188-408f-a1e5-49fec402e772","Expense","Food",16.94,"2025-02-10 00:49:27","Mess meal","Bank Transfer",false,"One-time"
"c1eeee6b-42ce-42c0-8730-44a07eedf870","Expense","Transport",7.77,"2025-02-08 12:49:28","Metro ride","Cash",false,"One-time"
"0200cc3f-ad86-4920-8102-47a4899dcdec","Expense","Transport",9.41,"2025-02-08 05:31:05","Auto ride","Bank Transfer",false,"One-time"
"5d19129e-8dc1-441e-8b9d-945290eb6dba","Expense","Food",24.59,"2025-02-07 18:36:41","Snacks","Card",false,"One-time"
"51a9ab12-9398-4ad8-806a-01ca22d39b2b","Expense","Entertainment",44.55,"2025-02-07 18:11:34","Outing with friends","Cash",false,"One-time"
"382741d2-881b-49dc-b5b2-53aedf908379","Expense","Transport",5.93,"2025-02-07 14:47:49","Bus ride","Cash",false,"One-time"
"95e0557b-6b08-456d-adaf-a365791e0bc6","Expense","Food",23.74,"2025-02-06 12:06:06","Groceries","Bank Transfer",false,"One-time"
"cc0c4437-6bef-47e2-8086-290e47eef76c","Expense","Food",23.81,"2025-02-05 23:15:42","Mess meal","Cash",false,"One-time"
"adee2d91-f3ae-45e1-8c79-5c77ef07a4c5","Expense","Transport",8.35,"2025-02-05 15:14:20","Auto ride","Card",false,"One-time"
"8a4d3cf8-3164-4b39-ba4c-6e7171a457b0","Expense","Shopping",67.4,"2025-02-05 14:18:52","Electronics","Cash",false,"One-time"
"acc39bde-bfcc-433e-a9f1-c7823553408c","Expense","Food",5.57,"2025-02-05 04:33:53","Snacks","Card",false,"One-time"
"c199fce1-20bb-4195-9af1-47e6646daf40","Expense","Rent",567.62,"2025-02-05 01:25:06","Monthly rent","Bank Transfer",true,"Monthly"
"d3fd73c6-d09e-4d35-8211-8056fc779807","Expense","Transport",21.8,"2025-02-04 20:29:39","Taxi ride","Bank Transfer",false,"One-time"
"37cf33bd-0ac1-4103-b026-28b2d2b3b1c9","Expense","Transport",1.63,"2025-02-04 07:40:27","Auto ride","Card",false,"One-time"
"805808b5-b125-4679-9dcb-14db470f2e8f","Expense","Transport",9.11,"2025-02-03 17:30:11","Metro ride","Card",false,"One-time"
"0af80cfb-8aca-483a-83c4-ae8d2e28f625","Expense","Transport",3.65,"2025-02-02 23:59:35","Bus ride","Bank Transfer",false,"One-time"
"fd7f7eb5-28ea-488e-bf1b-c2eb7b25b09c","Expense","Entertainment",62.52,"2025-02-02 15:45:28","Outing with friends","Cash",false,"One-time"
"3fb6bf31-3a50-4c53-bb6a-752349a39e9f","Expense","Transport",7.46,"2025-02-02 01:22:41","Metro ride","Cash",false,"One-time"
"3fc1a3fb-3d87-45a1-8793-0ac9f0cc6e98","Expense","Food",7.08,"2025-02-02 00:49:25","Restaurant","Cash",false,"One-time"
"9acbcd54-72cd-43fe-8ea5-5f405c055617","Income","Allowance",875.98,"2025-02-01 14:47:21","Parental support","Bank Transfer",true,"Monthly"
"2270a035-23a3-4135-be5a-718437f662ac","Income","Part-time",446.95,"2025-02-01 13:07:22","Freelance project","Card",false,"One-time"
"90039260-4645-4cfd-b7d2-bd2410547a0d","Expense","Transport",2.56,"2025-02-01 05:06:18","Auto ride","Card",false,"One-time"
"eca812ca-4606-44c3-903c-46a38a4343ae","Expense","Transport",8.6,"2025-01-28 08:13:14","Metro ride","Bank Transfer",false,"One-time"
"76bbca76-95b7-4436-9293-0b74a1d1681e","Expense","Transport",3.52,"2025-01-28 08:11:35","Auto ride","Card",false,"One-time"
"3936523a-4bba-4efc-9ffb-869e833a9ae3","Expense","Groceries",34.41,"2025-01-27 04:30:59","Snacks","Cash",false,"One-time"
"f0de49fc-71e2-4764-9330-e23297d05932","Expense","Entertainment",83.35,"2025-01-27 03:46:17","Outing with friends","Cash",false,"One-time"
"8d679cb6-946f-4947-9a45-fad22e4336fe","Income","Part-time",172.75,"2025-01-26 18:52:49","Freelance project","Card",false,"One-time"
"5b33a0b0-0547-4488-a9c1-19ad89d21002","Expense","Food",8.21,"2025-01-26 17:39:44","Mess meal","Cash",false,"One-time"
"2b9c7792-c6c8-49e2-a8fe-031206e610ff","Expense","Food",16.18,"2025-01-26 17:30:11","Groceries","Card",false,"One-time"
"e93f2344-a3e9-4ba9-a133-3f4d7a2153cd","Expense","Transport",7.46,"2025-01-26 10:26:22","Bus ride","Card",false,"One-time"
"d1b0e0c5-641e-4be4-8881-6116ca89f171","Expense","Transport",25.14,"2025-01-25 12:22:42","Taxi ride","Cash",false,"One-time"
"8eeb3a88-364b-4d95-910b-021ef37ad97e","Expense","Food",10.67,"2025-01-25 07:58:54","Groceries","Card",false,"One-time"
"7ab051ff-927c-4e90-bed4-778c444a163b","Expense","Transport",22.89,"2025-01-25 05:29:07","Taxi ride","Cash",false,"One-time"
"3bd49815-344c-4f9b-9d5c-395aeb219fcb","Expense","Transport",8.71,"2025-01-22 15:39:00","Bus ride","Card",false,"One-time"
"fed8b63e-0db1-4e6a-b1a5-2b22ed810649","Expense","Transport",5.6,"2025-01-22 14:57:37","Bus ride","Card",false,"One-time"
"98a78014-a4ca-4baa-85a4-6b893be9f26f","Expense","Transport",3.5,"2025-01-22 06:31:47","Metro ride","Cash",false,"One-time"
"18c5571c-7394-4cc9-93d2-6dd3715a3503","Expense","Food",23.91,"2025-01-21 16:18:45","Restaurant","Bank Transfer",false,"One-time"
"9b46720d-fe32-4f6f-a6f7-e8c3c40f7af3","Expense","Transport",5.67,"2025-01-20 10:31:57","Auto ride","Bank Transfer",false,"One-time"
"1d656e12-2ffb-4116-89ef-a5cc67bf78a1","Expense","Transport",25.6,"2025-01-20 10:23:11","Taxi ride","Card",false,"One-time"
"d34d0d25-d059-449f-9619-aa7948e96ffd","Expense","Food",22.56,"2025-01-20 03:11:30","Mess meal","Cash",false,"One-time"
"d160595b-e71b-461b-bc24-5f139eeb4468","Expense","Transport",9.67,"2025-01-19 15:49:15","Auto ride","Card",false,"One-time"
"556dfa54-24d4-4c60-babe-67aa5b8ac60d","Expense","Food",23.45,"2025-01-17 08:10:46","Mess meal","Cash",false,"One-time"
"b2664ae1-743b-4201-9429-e10337b06513","Expense","Transport",9.31,"2025-01-17 00:47:45","Bus ride","Bank Transfer",false,"One-time"
"f686056a-5102-4feb-a966-1f828bf15e0a","Expense","Food",22.94,"2025-01-16 21:08:57","Groceries","Bank Transfer",false,"One-time"
"7a5b1806-0b60-4285-8b0d-258e444715c7","Expense","Transport",4.85,"2025-01-16 17:02:32","Auto ride","Bank Transfer",false,"One-time"
"41551c4b-b299-4cee-ae49-613b33733e93","Expense","Food",8.89,"2025-01-16 14:00:12","Restaurant","Bank Transfer",false,"One-time"
"31fa1de6-93e7-459b-acb9-4a18a266ab1e","Expense","Transport",3.05,"2025-01-16 10:22:13","Auto ride","Bank Transfer",false,"One-time"
"d5d8cca2-42ce-4752-bd53-214445eac02b","Expense","Utilities",77.97,"2025-01-15 09:05:13","Electricity, water, internet","Bank Transfer",true,"Monthly"
"25e5f7db-794d-4edd-9cb3-ed5cebe55d1b","Expense","Food",22.1,"2025-01-14 20:37:16","Groceries","Bank Transfer",false,"One-time"
"74cdcb86-999e-4d23-9598-523dfc821ee5","Expense","Shopping",172.89,"2025-01-14 15:08:57","Electronics","Cash",false,"One-time"
"0256f302-4b72-455a-ae4e-dc454fbf36d5","Expense","Groceries",41.47,"2025-01-14 11:55:02","Groceries","Card",false,"One-time"
"b5f0d684-9a9b-4af4-ac77-f37716145693","Expense","Food",9.05,"2025-01-13 12:08:06","Groceries","Cash",false,"One-time"
"d6ad1156-9d02-4aa9-ae29-c7a055a36796","Expense","Groceries",67.75,"2025-01-12 19:17:43","Groceries","Bank Transfer",false,"One-time"
"6a0f144c-e82e-4e33-9f2e-566febc4c92c","Expense","Food",13.51,"2025-01-12 18:51:47","Snacks","Card",false,"One-time"
"40abd41a-9267-44a9-884d-93f9bfa948a8","Expense","Entertainment",30.29,"2025-01-12 12:17:28","Movie","Card",false,"One-time"
"9076ff3d-a177-4248-9e20-4acda13e4bd2","Expense","Transport",9.32,"2025-01-12 04:49:06","Bus ride","Bank Transfer",false,"One-time"
"852525fe-d95f-42ba-ba0f-fdfcf881f0d0","Expense","Groceries",76.53,"2025-01-12 02:38:02","Groceries","Bank Transfer",false,"One-time"
"20cb7918-f42a-400a-b720-c17466908626","Expense","Transport",4.45,"2025-01-10 23:53:35","Auto ride","Card",false,"One-time"
"8dbecb88-cd87-47c8-8980-d575ef448b2c","Expense","Groceries",66.79,"2025-01-10 18:22:49","Mess meal","Bank Transfer",false,"One-time"
"5225469b-31e3-4187-9f7f-0b5dedd6c2b3","Expense","Transport",1.96,"2025-01-09 12:14:48","Metro ride","Card",false,"One-time"
"fc56707c-cae2-4113-9785-55ba8e89473c","Expense","Transport",29.37,"2025-01-08 19:12:29","Taxi ride","Card",false,"One-time"
"d9267bba-15b2-470c-baa6-6b1cf72db295","Expense","Food",7.01,"2025-01-08 14:50:44","Groceries","Card",false,"One-time"
"228c96ef-75ed-493e-8584-96cf2899dc9f","Expense","Transport",2.15,"2025-01-08 09:05:25","Auto ride","Cash",false,"One-time"
"d8467e3f-e032-4d49-a42c-f77b46529ce4","Expense","Shopping",46.92,"2025-01-07 04:51:47","Clothes","Card",false,"One-time"
"5c738185-93b1-4e95-942f-56690d58678d","Expense","Food",16.56,"2025-01-07 00:45:47","Mess meal","Bank Transfer",false,"One-time"
"b7626a69-3789-4e6c-ba5f-f3b6c3380084","Expense","Food",18.1,"2025-01-06 21:02:23","Restaurant","Cash",false,"One-time"
"7c0c0ca1-f11c-4bf7-8191-2b87f7de5827","Expense","Transport",5.78,"2025-01-06 13:32:06","Bus ride","Card",false,"One-time"
"c26db191-8d81-4082-b32e-7689cc30bdf5","Expense","Rent",568.78,"2025-01-05 20:01:56","Monthly rent","Bank Transfer",true,"Monthly"
"62d4c1fd-a774-4e81-bb6a-edee4603d195","Expense","Transport",7.4,"2025-01-04 16:16:56","Auto ride","Card",false,"One-time"
"2b99252c-7b08-4b7a-ae97-bdd3c25f9229","Income","Allowance",933.04,"2025-01-04 15:10:14","Parental support","Bank Transfer",true,"Monthly"
"c1ecf9c1-4446-441a-a916-c6867e225615","Expense","Transport",7.25,"2025-01-03 12:40:50","Metro ride","Cash",false,"One-time"
"4fb5f85a-b634-478e-9e12-2d39061b4455","Expense","Transport",4.27,"2025-01-01 21:13:24","Bus ride","Bank Transfer",false,"One-time"
"ef96ef1f-4a48-4013-86c3-428fd4c19171","Expense","Food",13.18,"2025-01-01 12:41:13","Mess meal","Cash",false,"One-time"
"00133e87-a11f-4022-b673-70444e8b8a56","Expense","Food",5.1,"2024-12-28 17:09:07","Groceries","Bank Transfer",false,"One-time"
"e5302b1c-3e00-4bb7-934b-f452f3b209da","Expense","Transport",34.23,"2024-12-28 16:40:01","Taxi ride","Cash",false,"One-time"
"6efb5e58-785a-47a4-852e-faf686a23ea6","Expense","Food",10.8,"2024-12-28 02:22:59","Snacks","Bank Transfer",false,"One-time"
"22dbb640-cf7b-4144-8c76-20fae080a591","Expense","Groceries",62.23,"2024-12-26 18:54:03","Mess meal","Card",false,"One-time"
"28cd27bb-879d-491c-92aa-8619ab1354e9","Expense","Transport",31.88,"2024-12-26 10:46:07","Taxi ride","Card",false,"One-time"
"8bb0d1da-e661-4480-ba8a-16d6adebe89e","Expense","Transport",2.99,"2024-12-25 09:31:35","Bus ride","Bank Transfer",false,"One-time"
"8a907af3-f265-4c28-a878-0cc7e59cbd93","Expense","Transport",8.64,"2024-12-23 23:41:27","Auto ride","Cash",false,"One-time"
"fbbefacf-6a5c-4b70-ab45-3a17068223e1","Expense","Transport",26.57,"2024-12-22 23:21:56","Taxi ride","Card",false,"One-time"
"5f4f8b8d-5619-47ed-9b11-966fbce11db5","Expense","Transport",5.29,"2024-12-22 05:48:32","Metro ride","Cash",false,"One-time"
"9aa3980f-a3f7-4584-9c22-11dbbb2390db","Expense","Food",5.76,"2024-12-22 04:01:29","Mess meal","Cash",false,"One-time"
"d6010fe8-a3a4-4599-8d20-fde309fb729d","Expense","Food",19.51,"2024-12-22 02:16:06","Groceries","Card",false,"One-time"
"9cf1307f-c52a-43ca-a115-1ab6c341e9a4","Expense","Transport",5.24,"2024-12-20 00:32:56","Metro ride","Cash",false,"One-time"
"b2135980-7a7e-4b34-be13-6eb9128cfa53","Expense","Transport",5.89,"2024-12-19 20:57:53","Bus ride","Card",false,"One-time"
"9c321c3b-fefa-488a-8fff-fe9fa9eb9a99","Expense","Transport",7.76,"2024-12-19 18:42:55","Metro ride","Card",false,"One-time"
"972b2839-460b-48cf-92dd-c6999a9e0b08","Expense","Shopping",133.32,"2024-12-19 18:10:08","Clothes","Bank Transfer",false,"One-time"
"7b6c2c4e-7e3b-4910-b5e0-3700480eeaab","Expense","Transport",31.34,"2024-12-19 17:36:11","Taxi ride","Card",false,"One-time"
"7d5a5ee8-6de5-439a-9a65-b59a32dd235a","Expense","Groceries",38.43,"2024-12-19 11:51:20","Snacks","Cash",false,"One-time"
"932809e8-6c8c-4575-b7ac-11e14d4b0a3f","Expense","Entertainment",49.93,"2024-12-19 05:41:53","Movie","Card",false,"One-time"
"aa98726a-aa9b-4c34-807a-f2e3186eeb4c","Expense","Food",9.23,"2024-12-18 02:19:13","Restaurant","Cash",false,"One-time"
"4e148cef-ef57-4c29-b52c-06a870f13f78","Expense","Food",18.41,"2024-12-18 00:40:04","Restaurant","Bank Transfer",false,"One-time"
"2f5a9fc5-0fc2-4615-82e5-ba5756759272","Expense","Transport",7.13,"2024-12-17 02:25:23","Bus ride","Bank Transfer",false,"One-time"
"5e1c73cb-a5df-4c49-a33e-822e68d3489f","Expense","Food",5.34,"2024-12-15 20:25:27","Mess meal","Bank Transfer",false,"One-time"
"5f07db21-68cd-4acd-813e-919e655d9db4","Expense","Groceries",62.33,"2024-12-14 03:13:34","Mess meal","Bank Transfer",false,"One-time"
"e9eeb34a-607c-4f6f-a215-67637481c09d","Expense","Transport",1.84,"2024-12-13 15:58:29","Bus ride","Bank Transfer",false,"One-time"
"2c64b1ba-b237-43f0-8322-9888ea2115b9","Expense","Transport",7.12,"2024-12-12 19:45:52","Bus ride","Card",false,"One-time"
"db6b2494-b3e0-4113-a366-65eb25c9fa6d","Expense","Transport",2.64,"2024-12-12 12:14:57","Auto ride","Bank Transfer",false,"One-time"
"474dce32-2e37-4845-9534-3e2df1ebff63","Expense","Transport",5.9,"2024-12-12 07:02:42","Metro ride","Card",false,"One-time"
"3859d640-ee74-40ba-ba9f-1b9cc09515b6","Expense","Food",7.0,"2024-12-12 04:42:41","Mess meal","Cash",false,"One-time"
"58b04600-3439-40f4-82d7-bac4d99aded2","Expense","Transport",20.79,"2024-12-12 01:14:48","Taxi ride","Card",false,"One-time"
"bdb67ff2-1b2f-414f-9a45-47777b1fc6fa","Income","Part-time",166.96,"2024-12-11 16:05:06","Freelance project","Card",false,"One-time"
"0a29419a-063a-4e1e-9b38-b59ccbfcaeb6","Expense","Food",18.87,"2024-12-11 15:28:21","Restaurant","Bank Transfer",false,"One-time"
"0f212eaa-0020-4784-a964-355daadfc0a6","Expense","Transport",8.6,"2024-12-11 03:45:33","Auto ride","Card",false,"One-time"
"ea28d522-78da-40a9-896f-7bc9e3370ecd","Expense","Utilities",75.0,"2024-12-10 16:52:49","Electricity, water, internet","Bank Transfer",true,"Monthly"
"628f66fe-a158-4440-831c-5450afdc6419","Expense","Transport",7.68,"2024-12-09 23:56:40","Bus ride","Cash",false,"One-time"
"d74e3e25-20b2-48f8-aa60-da7ab568cb49","Expense","Transport",5.64,"2024-12-08 16:25:22","Auto ride","Card",false,"One-time"
"74e0564f-2e1d-4977-9a93-b4e32bbf5d24","Expense","Groceries",69.84,"2024-12-06 17:14:08","Snacks","Bank Transfer",false,"One-time"
"6e57bcef-4611-41f2-9f1e-9cecee974ce9","Expense","Education",306.66,"2024-12-06 08:59:11","Tuition / books / supplies","Bank Transfer",false,"One-time"
"286e7770-3953-4171-97d2-33f8416ae5f6","Expense","Food",23.22,"2024-12-06 08:35:04","Groceries","Card",false,"One-time"
"7692f9e0-521f-4c92-88cf-075539df8fed","Expense","Food",8.89,"2024-12-06 07:39:53","Restaurant","Bank Transfer",false,"One-time"
"1332d004-1794-4fa5-96c3-4d6e80980784","Income","Allowance",879.64,"2024-12-05 14:31:02","Parental support","Bank Transfer",true,"Monthly"
"62e6dc8b-9526-4602-aaa4-ab2da98d15e4","Expense","Food",24.15,"2024-12-05 09:43:56","Mess meal","Bank Transfer",false,"One-time"
"27d01e30-c05d-46fd-a33f-a4190fb70962","Expense","Transport",2.78,"2024-12-03 16:41:17","Metro ride","Cash",false,"One-time"
"c8f555fc-0162-4c65-bf08-4af83b433453","Expense","Groceries",49.07,"2024-12-03 09:48:59","Mess meal","Card",false,"One-time"
"d46d9cfa-0b10-4952-91fa-9ad1976b0d4f","Expense","Transport",9.08,"2024-12-03 08:54:52","Metro ride","Cash",false,"One-time"
"3ca65b82-ab36-4513-8d25-b53d4337739d","Expense","Transport",31.35,"2024-12-02 17:16:34","Taxi ride","Cash",false,"One-time"
"34fddc56-2d62-4c19-a502-63d6d12091d8","Expense","Food",20.12,"2024-12-01 20:46:39","Mess meal","Bank Transfer",false,"One-time"
"a28d67d3-db18-458f-a59d-3c941c1b69db","Expense","Rent",568.96,"2024-12-01 12:16:34","Monthly rent","Bank Transfer",true,"Monthly"
"4d3948e8-f3c4-4623-86de-628bb3a2d3f8","Expense","Groceries",52.87,"2024-11-27 21:37:07","Restaurant","Card",false,"One-time"
"c3a2e193-7746-4074-bd48-5c0cf80a5757","Expense","Transport",7.92,"2024-11-27 07:58:40","Auto ride","Bank Transfer",false,"One-time"
"733e3d05-2a6b-4417-ad83-50f22735f1f0","Expense","Food",19.61,"2024-11-25 05:44:37","Restaurant","Cash",false,"One-time"
"f62823ca-9abc-4251-b9c0-97debe30edd9","Expense","Transport",4.0,"2024-11-24 19:12:49","Metro ride","Cash",false,"One-time"
"09181bfe-eade-4013-afba-c95e639c6c59","Expense","Transport",20.94,"2024-11-24 17:55:14","Taxi ride","Bank Transfer",false,"One-time"
"b4043917-3880-435a-9584-4980b2aa9abd","Expense","Food",9.19,"2024-11-24 17:40:13","Snacks","Bank Transfer",false,"One-time"
"97239943-86fa-4f54-9809-f41536d6166b","Expense","Food",6.95,"2024-11-22 11:45:28","Restaurant","Cash",false,"One-time"
"e4428c5a-10f4-4dd8-b8ff-183fd28e7711","Expense","Shopping",182.81,"2024-11-22 11:28:15","Books","Card",false,"One-time"
"c513cb8d-d8d2-4bea-a43f-04a6ba5304f6","Expense","Transport",4.71,"2024-11-22 02:11:11","Bus ride","Card",false,"One-time"
"7187e562-b0b9-420e-a827-2ee4ef2bdf83","Expense","Food",12.96,"2024-11-20 22:48:15","Snacks","Card",false,"One-time"
"993486a8-ed41-4ffc-b556-aa793dbeb959","Expense","Transport",5.67,"2024-11-20 01:49:59","Auto ride","Bank Transfer",false,"One-time"
"8011e24b-9530-4a5a-babf-ff5ee3bce03b","Expense","Transport",5.97,"2024-11-18 11:04:50","Auto ride","Cash",false,"One-time"
"f44d82bc-6928-4942-b6e8-572b7dcc482e","Income","Part-time",368.59,"2024-11-17 17:13:41","Freelance project","Card",false,"One-time"
"72690092-c234-4ce7-a97a-786ccd1b4f11","Expense","Transport",1.95,"2024-11-17 03:01:24","Metro ride","Cash",false,"One-time"
"1b58b9e2-1fd6-46f4-931f-6b047e491794","Expense","Transport",5.04,"2024-11-17 02:50:32","Metro ride","Bank Transfer",false,"One-time"
"523bbfac-b6d5-44a7-8994-13e89336bdc1","Expense","Food",20.14,"2024-11-15 06:45:21","Mess meal","Bank Transfer",false,"One-time"
"1d62b56b-a09c-4344-aa1a-22aebda7f873","Expense","Food",21.86,"2024-11-15 04:08:26","Snacks","Bank Transfer",false,"One-time"
"d1f1b454-effa-4db9-aaef-3e2a9b6223c4","Income","Part-time",100.07,"2024-11-14 01:35:35","Freelance project","Card",false,"One-time"
"ed5bec8c-248e-4de5-a4df-40020ad8498d","Expense","Food",15.08,"2024-11-13 21:38:38","Groceries","Card",false,"One-time"
"76ea6a8f-a8b5-449c-ad65-d5d80f795c70","Expense","Utilities",77.88,"2024-11-13 02:54:31","Electricity, water, internet","Bank Transfer",true,"Monthly"
"5ce6e4df-0e9a-456b-bb7e-acb9678d7f3f","Expense","Food",15.08,"2024-11-12 21:08:45","Snacks","Bank Transfer",false,"One-time"
"c0cd77ca-68c7-4cde-8e18-608d6eeb79a9","Expense","Entertainment",67.55,"2024-11-12 09:13:48","Concert","Card",false,"One-time"
"5998a003-0b0d-4aa6-9118-b606969f5cbc","Expense","Groceries",46.6,"2024-11-12 01:52:14","Groceries","Bank Transfer",false,"One-time"
"8f9b01f7-2c97-4156-911a-07be644db4f9","Expense","Transport",3.23,"2024-11-11 17:03:00","Auto ride","Card",false,"One-time"
"37d6010d-8fd3-4537-bd1b-9c8fb7fd9960","Expense","Food",15.95,"2024-11-11 11:53:40","Snacks","Bank Transfer",false,"One-time"
"4eb87252-8814-4cda-8896-2f524ab1618c","Expense","Transport",24.69,"2024-11-10 22:42:03","Taxi ride","Bank Transfer",false,"One-time"
"0926e74e-6fca-4aff-8b67-19765c7660e4","Expense","Food",23.6,"2024-11-09 19:12:12","Groceries","Cash",false,"One-time"
"2db898a7-f468-4c2a-a4ca-e96377cc6c29","Expense","Transport",6.46,"2024-11-09 17:16:08","Metro ride","Card",false,"One-time"
"7adb6ccc-987d-4d7d-a96d-27d428e90d1f","Expense","Transport",3.23,"2024-11-09 04:53:03","Auto ride","Bank Transfer",false,"One-time"
"36acba95-4a69-4410-8db9-736620c3fee9","Expense","Transport",9.86,"2024-11-07 08:48:50","Metro ride","Bank Transfer",false,"One-time"
"4f642241-ed0e-4530-a6a4-6e945e5c8970","Expense","Groceries",63.71,"2024-11-04 11:35:30","Snacks","Card",false,"One-time"
"e5384dd2-7c6e-4040-8877-07d7533564c7","Expense","Groceries",37.02,"2024-11-04 01:57:10","Groceries","Cash",false,"One-time"
"517f4229-57b2-43af-92df-3f8466c36a86","Income","Part-time",221.84,"2024-11-03 19:39:40","Freelance project","Card",false,"One-time"
"e0e650ef-210a-4997-8f58-4787865b4972","Expense","Entertainment",33.14,"2024-11-03 11:14:56","Concert","Cash",false,"One-time"
"cef94b7c-833a-4089-96d4-3c0d711ba388","Expense","Transport",6.74,"2024-11-02 11:52:28","Bus ride","Bank Transfer",false,"One-time"
"a873e07a-aa63-419d-968e-5983f1f5991f","Expense","Rent",572.05,"2024-11-02 02:29:28","Monthly rent","Bank Transfer",true,"Monthly"
"7bfd7faa-cc77-4a15-ae34-86966f3d7cab","Expense","Groceries",71.94,"2024-11-01 16:47:03","Groceries","Bank Transfer",false,"One-time"
"b8bf822c-6489-4202-89ab-10bb2cd9345b","Income","Allowance",851.78,"2024-11-01 15:47:41","Parental support","Bank Transfer",true,"Monthly"
"f9a42ea6-daad-42a0-a624-09e46a2aaec5","Expense","Transport",1.84,"2024-11-01 10:29:45","Metro ride","Card",false,"One-time"
"8bb7363f-cf85-400b-a88b-25dcb4ecc66b","Expense","Transport",5.12,"2024-10-28 09:23:51","Auto ride","Cash",false,"One-time"
"2ffec231-f18f-4f23-afe1-4ae4a258315b","Expense","Food",13.18,"2024-10-28 04:08:12","Groceries","Cash",false,"One-time"
"cd30c1ac-284b-4657-9e5d-c8c118d0985c","Expense","Transport",38.01,"2024-10-27 23:57:08","Taxi ride","Cash",false,"One-time"
"843fcff6-0b02-4369-bbe5-2de96c1db4de","Expense","Transport",9.57,"2024-10-27 18:42:31","Metro ride","Bank Transfer",false,"One-time"
"adee431b-1410-4a4a-a9a1-6d1d7e800e71","Expense","Transport",9.84,"2024-10-26 05:07:08","Bus ride","Cash",false,"One-time"
"96b517c6-394b-4297-91c7-9140ae221959","Expense","Transport",4.54,"2024-10-25 08:53:33","Metro ride","Card",false,"One-time"
"4546e220-66cd-4017-a6f3-8f13339c854e","Expense","Food",7.59,"2024-10-25 05:31:50","Groceries","Bank Transfer",false,"One-time"
"17882abf-23ae-4de6-9579-ca4b21065ff0","Expense","Food",11.24,"2024-10-24 07:14:44","Mess meal","Card",false,"One-time"
"223d7935-91c2-430f-b302-fbb9a5a07ae7","Expense","Transport",9.81,"2024-10-23 21:33:49","Metro ride","Bank Transfer",false,"One-time"
"03366115-8cf9-4184-96a9-9ab254734672","Expense","Food",11.02,"2024-10-23 04:13:44","Mess meal","Bank Transfer",false,"One-time"
"fd923b0b-3ebd-4c7a-8f58-6c2137feee16","Expense","Groceries",36.18,"2024-10-23 03:26:28","Snacks","Card",false,"One-time"
"148043a7-3e44-49d0-86e8-1928222f83db","Expense","Shopping",104.47,"2024-10-21 05:32:54","Stationery","Card",false,"One-time"
"bd097fa7-1b19-4591-a6c0-586bd66d9316","Expense","Food",9.19,"2024-10-21 01:00:28","Restaurant","Bank Transfer",false,"One-time"
"abae50c8-c5d3-405d-a107-289f18824368","Expense","Food",18.07,"2024-10-20 01:38:03","Mess meal","Cash",false,"One-time"
"5d596983-4314-474e-84eb-fb6f8c78f5d4","Expense","Food",21.48,"2024-10-17 18:19:10","Snacks","Card",false,"One-time"
"1c0cade5-6a1a-44ae-ae65-fee26186a084","Expense","Entertainment",67.55,"2024-10-17 16:44:44","Concert","Card",false,"One-time"
"2ef68981-7cf2-4888-b045-2f9ca61dacfa","Expense","Food",13.38,"2024-10-17 08:39:38","Mess meal","Bank Transfer",false,"One-time"
"1841593c-5ca1-4454-a1db-d1acb0166c7a","Expense","Food",23.96,"2024-10-16 11:48:12","Groceries","Cash",false,"One-time"
"a4d52794-1fd9-437e-ae47-8260fc34e7ea","Expense","Entertainment",69.52,"2024-10-16 11:42:43","Movie","Card",false,"One-time"
"05d95992-ded7-40fb-b7b8-c244f45963dc","Expense","Education",488.06,"2024-10-16 10:15:21","Tuition / books / supplies","Bank Transfer",false,"One-time"
"91e43d90-5bbb-4a42-b059-da77497a09fd","Expense","Transport",7.21,"2024-10-16 10:15:00","Bus ride","Cash",false,"One-time"
"2c3c163d-e8e2-493c-887d-fbb451c2b650","Expense","Food",13.67,"2024-10-15 23:33:38","Restaurant","Card",false,"One-time"
"d7d49d41-f610-4a75-8778-8e8d7b16a7ca","Expense","Transport",6.7,"2024-10-15 05:39:24","Auto ride","Bank Transfer",false,"One-time"
"21a99806-4ee0-40a0-ab4d-c3c851e31bf2","Expense","Transport",7.07,"2024-10-14 14:02:04","Auto ride","Cash",false,"One-time"
"8b5c88ee-2340-4c49-86cf-d92555261bfd","Expense","Groceries",30.23,"2024-10-14 12:27:30","Restaurant","Bank Transfer",false,"One-time"
"90f5a628-3cec-4ef7-8a16-077cd12f53e8","Expense","Utilities",83.42,"2024-10-13 10:23:16","Electricity, water, internet","Bank Transfer",true,"Monthly"
"8fde0627-d1c7-4807-b2a6-dac8856adb39","Expense","Food",12.5,"2024-10-12 22:41:50","Snacks","Bank Transfer",false,"One-time"
"e9548e91-29a6-4dc7-8ae9-317651decdb0","Expense","Transport",25.01,"2024-10-12 10:11:07","Taxi ride","Card",false,"One-time"
"874c776e-bdf6-491e-8e35-bf6ab7d973e3","Expense","Food",5.36,"2024-10-12 00:57:20","Mess meal","Bank Transfer",false,"One-time"
"02cc0af5-8fd5-4adc-9f84-31139c4acfd8","Expense","Food",14.75,"2024-10-11 22:11:49","Restaurant","Card",false,"One-time"
"ed318af1-60d8-4467-b27c-fb7b0e056074","Expense","Transport",8.97,"2024-10-11 11:57:28","Auto ride","Cash",false,"One-time"
"a45fa155-0f49-4815-87fd-1ea01f24e554","Expense","Transport",8.41,"2024-10-10 08:29:03","Bus ride","Cash",false,"One-time"
"e02aabe4-3915-4b6e-ab6e-3511264b4092","Expense","Transport",37.76,"2024-10-10 05:02:35","Taxi ride","Bank Transfer",false,"One-time"
"2094e23d-b564-4faf-a344-5eb88ee15840","Expense","Transport",19.97,"2024-10-10 03:50:06","Taxi ride","Cash",false,"One-time"
"0fb68181-eeae-40b8-95f8-67647ccd1fb1","Expense","Transport",35.0,"2024-10-09 12:44:54","Taxi ride","Bank Transfer",false,"One-time"
"b87760d0-2c08-4c73-822c-90e185eaa35a","Expense","Healthcare",72.43,"2024-10-08 17:41:24","Doctor visit / medicine","Cash",false,"One-time"
"895e5e0d-fde3-4ecb-9276-8f1f427e7e7d","Expense","Food",19.68,"2024-10-08 07:46:08","Restaurant","Cash",false,"One-time"
"d7fd123e-4c1e-4968-be7c-05e49d4cc5ac","Expense","Groceries",56.49,"2024-10-07 16:07:55","Groceries","Cash",false,"One-time"
"270582c0-3698-4782-a468-18a04172401c","Expense","Transport",35.06,"2024-10-04 13:58:37","Taxi ride","Bank Transfer",false,"One-time"
"e08b8f24-c7dc-4d55-8a77-5751bc1b7a53","Income","Allowance",936.64,"2024-10-04 03:30:03","Parental support","Bank Transfer",true,"Monthly"
"545a73ae-002e-4955-828c-e6cd7ec1efb1","Expense","Transport",7.14,"2024-10-04 01:00:54","Metro ride","Cash",false,"One-time"
"8f822927-227d-411d-8627-c16d5f96e0ff","Expense","Transport",6.98,"2024-10-03 23:46:06","Auto ride","Card",false,"One-time"
"30365b57-13a9-4cdd-8f6c-44b00e5a5f8d","Expense","Rent",574.86,"2024-10-02 11:14:47","Monthly rent","Bank Transfer",true,"Monthly"
"5efbb500-d9e3-4aeb-b4f2-869dc67b50ad","Expense","Transport",7.0,"2024-09-28 18:49:13","Metro ride","Bank Transfer",false,"One-time"
"3fae8fd6-e4ed-4b77-8c26-09102aea9083","Expense","Groceries",39.98,"2024-09-27 21:40:38","Mess meal","Cash",false,"One-time"
"3eb9686f-2b31-4f7e-bad0-a824262de0a2","Expense","Transport",18.39,"2024-09-26 05:04:19","Taxi ride","Bank Transfer",false,"One-time"
"b600beb8-feae-4d9a-a146-a0d5df178ad9","Expense","Transport",4.79,"2024-09-24 22:05:18","Bus ride","Cash",false,"One-time"
"a814f712-d769-4a0d-a146-307bb494825c","Expense","Transport",1.67,"2024-09-24 15:58:17","Auto ride","Card",false,"One-time"
"fd745015-6b82-49a7-8180-27e96add80eb","Expense","Transport",8.48,"2024-09-24 15:48:33","Auto ride","Bank Transfer",false,"One-time"
"5895e0a2-dd3c-42d6-800b-edb637213d1f","Expense","Groceries",57.6,"2024-09-24 02:05:24","Snacks","Bank Transfer",false,"One-time"
"76ff1a74-bdeb-4a03-9b8d-54d5de27b623","Expense","Transport",7.37,"2024-09-23 12:02:25","Auto ride","Cash",false,"One-time"
"760d5c9a-de36-4f2f-bfae-ad51abdbeb04","Expense","Groceries",78.54,"2024-09-22 11:51:34","Restaurant","Bank Transfer",false,"One-time"
"39a719a3-9498-4704-96cf-46d0494b4371","Expense","Shopping",172.18,"2024-09-22 11:32:19","Books","Cash",false,"One-time"
"91fc9cb1-4094-4ca2-9798-3e5cb9eb4530","Expense","Transport",9.15,"2024-09-21 09:12:09","Metro ride","Bank Transfer",false,"One-time"
"2c2b93a1-99c9-4da4-b3bf-5cd24207aca6","Expense","Transport",36.29,"2024-09-21 08:27:57","Taxi ride","Card",false,"One-time"
"bfd53841-1aae-46ef-b192-b92deb5f6d5d","Expense","Transport",20.28,"2024-09-20 20:05:12","Taxi ride","Card",false,"One-time"
"384badaf-1d1e-4bab-ad70-85f1f83a19fe","Expense","Transport",5.59,"2024-09-20 09:19:43","Bus ride","Card",false,"One-time"
"05a7e423-803a-471d-89bd-3990bf267fba","Expense","Entertainment",31.14,"2024-09-19 22:36:52","Outing with friends","Card",false,"One-time"
"2f5f820f-8c76-492d-af25-f77e6e0e4f3b","Expense","Food",23.5,"2024-09-19 18:37:48","Mess meal","Card",false,"One-time"
"55cd6be5-b130-4191-a71b-aef2359c057f","Expense","Transport",8.62,"2024-09-19 17:22:22","Metro ride","Card",false,"One-time"
"f93af2ec-21d9-4222-bcb5-d1f34f84f5bd","Expense","Food",7.41,"2024-09-19 16:51:36","Groceries","Cash",false,"One-time"
"88261c4a-32b5-48a8-a95b-25e519afea98","Expense","Transport",8.61,"2024-09-19 00:11:12","Metro ride","Cash",false,"One-time"
"5047e09f-f431-46af-af12-c3e378f38a52","Expense","Transport",6.27,"2024-09-17 21:53:53","Auto ride","Bank Transfer",false,"One-time"
"2e7abcb9-062d-442a-aa78-efa7fd8e1c65","Expense","Food",6.82,"2024-09-16 15:57:42","Groceries","Cash",false,"One-time"
"ffc76633-92f7-473b-b480-6f5da606cd02","Expense","Groceries",35.63,"2024-09-15 00:50:44","Restaurant","Cash",false,"One-time"
"dd57427a-db9d-463d-99ec-714400d10bb8","Expense","Transport",29.3,"2024-09-14 08:24:41","Taxi ride","Card",false,"One-time"
"7fb52180-5bbe-4704-a51e-1e75d9277706","Expense","Food",21.68,"2024-09-14 06:52:40","Snacks","Card",false,"One-time"
"b19f621b-bafa-4527-939d-1779ed73ce7f","Expense","Transport",7.63,"2024-09-13 21:20:43","Metro ride","Bank Transfer",false,"One-time"
"ed8f64dd-3ab2-4fc7-a0f5-d6f1f51e2128","Expense","Transport",9.66,"2024-09-12 15:38:28","Metro ride","Card",false,"One-time"
"8bd11022-9262-46f6-8c65-5b6bea18432e","Expense","Transport",7.29,"2024-09-12 14:32:25","Bus ride","Cash",false,"One-time"
"e1aafe84-91b3-46f4-b6e3-c8b22836f63a","Expense","Groceries",32.23,"2024-09-12 12:23:11","Groceries","Card",false,"One-time"
"eab22f7f-5d7d-499c-967c-1d9d3c3912f2","Expense","Entertainment",49.39,"2024-09-10 08:58:26","Outing with friends","Card",false,"One-time"
"bbb8d4fa-8d88-4ef2-aff2-9519dcaa9eb3","Expense","Transport",9.77,"2024-09-10 08:53:31","Bus ride","Cash",false,"One-time"
"7f5eccd8-6316-4d78-a693-c507d7909e03","Expense","Utilities",81.99,"2024-09-10 01:25:36","Electricity, water, internet","Bank Transfer",true,"Monthly"
"4129a0dc-1b34-4684-aa6b-def823a220ba","Expense","Transport",3.72,"2024-09-09 20:20:55","Auto ride","Bank Transfer",false,"One-time"
"25105c14-26f3-4e09-822d-2a519f2a821d","Expense","Food",8.02,"2024-09-09 07:53:17","Mess meal","Cash",false,"One-time"
"6e1bf11a-40a0-4d97-bb81-ef759a85405a","Expense","Transport",29.61,"2024-09-09 06:29:19","Taxi ride","Cash",false,"One-time"
"3bdb3e90-5fad-48ee-a165-8d2aea66d486","Expense","Groceries",75.14,"2024-09-08 15:19:05","Mess meal","Bank Transfer",false,"One-time"
"b104bb41-c287-4f3b-bc2f-e0a395f454f9","Expense","Transport",7.56,"2024-09-08 08:38:51","Auto ride","Bank Transfer",false,"One-time"
"25931aa4-da2c-4bb5-a0f3-bda971286459","Expense","Transport",8.85,"2024-09-07 08:41:26","Bus ride","Bank Transfer",false,"One-time"
"c65eb0b8-45fe-4901-ac09-d62faad61cc5","Expense","Groceries",72.19,"2024-09-06 20:18:05","Snacks","Card",false,"One-time"
"008e359b-1f7c-45c3-98c5-f4d6a7705331","Expense","Food",5.85,"2024-09-06 06:51:12","Mess meal","Bank Transfer",false,"One-time"
"5a241828-58dc-45f4-a5ed-6312e4f4e078","Expense","Transport",3.79,"2024-09-05 09:47:28","Auto ride","Card",false,"One-time"
"982b03d3-afbf-42bc-890c-0888067e5f79","Expense","Rent",551.9,"2024-09-05 08:42:18","Monthly rent","Bank Transfer",true,"Monthly"
"29948047-825c-4ea7-9a33-a500dabc2ddb","Expense","Shopping",66.56,"2024-09-04 15:08:47","Books","Bank Transfer",false,"One-time"
"85b62519-1dbb-450c-a11d-b6d1f1c50d7f","Income","Allowance",850.38,"2024-09-04 04:03:23","Parental support","Bank Transfer",true,"Monthly"
"a8a10c39-0768-4377-accd-d190ba6488c6","Expense","Transport",7.49,"2024-09-02 14:03:58","Auto ride","Card",false,"One-time"
"5d9f5440-4daa-4d7f-817f-4d3bf770923e","Expense","Groceries",78.28,"2024-09-02 12:52:33","Groceries","Bank Transfer",false,"One-time"
"49b9a2ee-cb8e-4ee8-8cdc-37ae570f401e","Expense","Transport",6.76,"2024-09-02 05:17:25","Metro ride","Bank Transfer",false,"One-time"
"5c871a07-f3c4-4cd1-908b-b969e3c70855","Expense","Transport",6.61,"2024-09-01 15:58:08","Metro ride","Cash",false,"One-time"
"038ac01a-865b-4add-8de3-f2bab0daa4e4","Expense","Food",21.53,"2024-08-28 03:05:10","Mess meal","Cash",false,"One-time"
"6100c67b-96ae-41e3-ba82-2259ffa6b042","Expense","Groceries",43.6,"2024-08-27 23:20:20","Mess meal","Cash",false,"One-time"
"23e94e5d-94ff-4cd5-bfe7-4bfe6774e62d","Expense","Transport",2.88,"2024-08-27 15:50:55","Metro ride","Cash",false,"One-time"
"59bd1a56-9a14-4927-bc0e-bed96f582412","Expense","Transport",5.67,"2024-08-27 15:34:19","Metro ride","Cash",false,"One-time"
"aeb23799-fd24-4173-962d-7b6d1186c78d","Expense","Food",24.37,"2024-08-27 10:09:05","Groceries","Bank Transfer",false,"One-time"
"82087154-c5a4-449c-8dff-b7ab93072aa5","Expense","Transport",2.58,"2024-08-27 05:24:19","Auto ride","Bank Transfer",false,"One-time"
"2ba704f2-c92d-468d-b9c7-f8232347b16b","Expense","Transport",9.46,"2024-08-26 19:14:40","Bus ride","Cash",false,"One-time"
"09b085e4-2c35-4eba-beb0-9a4f8eda35ec","Expense","Transport",6.49,"2024-08-26 10:03:01","Metro ride","Cash",false,"One-time"
"9de54001-683f-46d9-a9d9-f1cfe8285897","Expense","Transport",3.72,"2024-08-26 01:18:01","Auto ride","Cash",false,"One-time"
"76d6da73-8cd9-44e6-8b84-6dc689929f64","Expense","Transport",9.66,"2024-08-25 03:54:33","Auto ride","Card",false,"One-time"
"c1cca957-e8f0-41a9-88a5-a0874dac8b66","Expense","Transport",33.31,"2024-08-24 00:03:24","Taxi ride","Cash",false,"One-time"
"f3b991f9-bea0-4655-8077-bdc31acc12a6","Expense","Transport",6.29,"2024-08-23 22:22:36","Metro ride","Cash",false,"One-time"
"2849dbd8-f420-4e03-91cb-b6d1f436b710","Expense","Transport",4.36,"2024-08-23 21:25:37","Bus ride","Card",false,"One-time"
"16e46a9e-a8a8-4771-b1ef-b4c046624b49","Expense","Transport",3.4,"2024-08-23 17:44:56","Auto ride","Bank Transfer",false,"One-time"
"a32aa7a0-241a-4e09-bcf7-dc0cd765cedb","Income","Part-time",468.51,"2024-08-23 08:05:02","Freelance project","Card",false,"One-time"
"f3db92f4-1e13-4e5f-9788-7dfe54c62f5b","Expense","Food",23.35,"2024-08-22 20:41:05","Mess meal","Cash",false,"One-time"
"7d5cd421-2f33-48b4-98ed-1c030f95beeb","Expense","Food",22.02,"2024-08-22 04:15:18","Groceries","Bank Transfer",false,"One-time"
"bc335ef4-fb70-4f3d-8398-3849b34597c3","Expense","Transport",5.3,"2024-08-21 02:52:45","Auto ride","Card",false,"One-time"
"f6a64251-d207-4bdf-a237-26a4e2cba82e","Expense","Shopping",38.23,"2024-08-20 13:10:03","Books","Card",false,"One-time"
"eca02c1c-113d-43bb-8902-6061bda2db68","Expense","Food",14.24,"2024-08-18 23:35:15","Restaurant","Cash",false,"One-time"
"114baf6a-02d6-4c71-888d-fdb866d44a34","Expense","Transport",9.26,"2024-08-16 17:50:31","Auto ride","Bank Transfer",false,"One-time"
"6b27a1c2-584b-489c-97c1-9842607aa220","Expense","Utilities",68.21,"2024-08-15 23:19:06","Electricity, water, internet","Bank Transfer",true,"Monthly"
"0967f22c-fe7a-4d8e-b60d-b65cab709859","Expense","Groceries",78.73,"2024-08-14 22:57:23","Mess meal","Bank Transfer",false,"One-time"
"a9ed04ef-ab0d-4c5e-99a1-efb7698b906d","Expense","Transport",6.14,"2024-08-14 15:56:24","Auto ride","Cash",false,"One-time"
"239893e7-1109-43ee-a87f-50c66207b9f6","Expense","Food",14.04,"2024-08-14 03:34:22","Groceries","Card",false,"One-time"
"bcfbb108-e91a-44e6-9f1d-01e0c01cd293","Expense","Groceries",38.64,"2024-08-13 15:01:24","Restaurant","Cash",false,"One-time"
"0e254a82-51a8-4092-9ba3-c025dc758c90","Expense","Transport",9.85,"2024-08-11 23:04:15","Auto ride","Cash",false,"One-time"
"ca6c0068-2045-40dc-b823-c0018e1a7886","Expense","Entertainment",56.03,"2024-08-11 19:39:57","Movie","Cash",false,"One-time"
"18085112-8a81-4886-9fff-4a944212f4cc","Expense","Transport",4.4,"2024-08-11 19:12:51","Metro ride","Cash",false,"One-time"
"f5eb85fb-e0e6-488e-8548-4bacf3ce020a","Expense","Transport",4.21,"2024-08-11 12:17:11","Bus ride","Cash",false,"One-time"
"f96211c2-9d45-4bb5-bc18-3bf72d80398b","Expense","Groceries",33.05,"2024-08-10 15:26:56","Snacks","Card",false,"One-time"
"a252ce5d-d813-409b-bf6c-7263159a3331","Expense","Food",5.69,"2024-08-09 08:28:56","Restaurant","Bank Transfer",false,"One-time"
"7af0c6bb-4e18-42b8-9080-c5bde8c982a0","Expense","Transport",3.77,"2024-08-08 05:06:15","Metro ride","Bank Transfer",false,"One-time"
"1ae128b4-ba4c-4fd8-a99a-62ec587cad6e","Expense","Transport",3.68,"2024-08-07 07:44:04","Auto ride","Cash",false,"One-time"
"4c65b0ae-d9cd-4eb4-9f38-2f1005334a28","Expense","Transport",9.27,"2024-08-06 07:37:20","Auto ride","Cash",false,"One-time"
"0f84797c-8e95-4732-a879-f37748138d6b","Expense","Food",8.29,"2024-08-05 18:06:09","Groceries","Card",false,"One-time"
"cc82db89-f9d3-4390-b93b-f6e2af9f8fca","Expense","Food",17.62,"2024-08-05 13:12:41","Mess meal","Card",false,"One-time"
"e27283ba-5a7c-47be-ac59-67fd7097ffb3","Expense","Transport",31.23,"2024-08-05 05:46:27","Taxi ride","Cash",false,"One-time"
"f227730d-fd15-4790-a928-bb42a39a52da","Expense","Groceries",33.74,"2024-08-04 16:08:40","Mess meal","Card",false,"One-time"
"1fa0d73c-231d-4759-88fa-09ee38cf3763","Expense","Food",23.48,"2024-08-04 01:29:03","Groceries","Bank Transfer",false,"One-time"
"504ca1cb-58ef-488c-b82f-462c00e4db9a","Expense","Transport",19.02,"2024-08-03 10:10:56","Taxi ride","Cash",false,"One-time"
"3a18659d-77a4-4d34-a086-37ab4fe32d74","Expense","Groceries",70.46,"2024-08-03 06:57:41","Mess meal","Card",false,"One-time"
"44bb3c82-9d8f-4f28-9f31-9d747d92bbdf","Expense","Rent",555.05,"2024-08-03 00:48:42","Monthly rent","Bank Transfer",true,"Monthly"
"622d082d-2e1c-43d2-b91b-6f3bbba91bf1","Expense","Food",5.62,"2024-08-02 21:19:16","Groceries","Card",false,"One-time"
"00d4fd41-fdc7-4124-9fd5-012d78a64542","Income","Allowance",947.26,"2024-08-02 13:31:03","Parental support","Bank Transfer",true,"Monthly"
"58fa18ce-f7d0-4a40-9a99-16910c2f6776","Expense","Transport",5.97,"2024-08-02 07:38:14","Bus ride","Cash",false,"One-time"
"5bb3e0f5-701d-483c-b2c7-01941c3f4fbd","Expense","Transport",23.87,"2024-08-02 07:36:54","Taxi ride","Cash",false,"One-time"
"fc32ada0-a904-4ca7-ac56-5381cce5c3d9","Expense","Transport",3.05,"2024-08-01 22:36:25","Bus ride","Card",false,"One-time"
"1b218606-d93b-40c4-a756-cd2cc1e9a79b","Expense","Transport",28.24,"2024-08-01 08:03:51","Taxi ride","Bank Transfer",false,"One-time"
"2db1a5fc-e7d0-4869-9787-7cc77170380f","Expense","Food",7.61,"2024-08-01 01:53:49","Groceries","Card",false,"One-time"
"788ac4df-294d-47bb-98cc-1cefae6e740a","Expense","Transport",20.61,"2024-07-28 01:35:51","Taxi ride","Cash",false,"One-time"
"60db72e2-0a41-42f3-9fce-e7955922e5d6","Expense","Transport",6.49,"2024-07-25 15:49:04","Bus ride","Cash",false,"One-time"
"891eb97e-cc6e-43de-96ca-5e02e0d5b1b2","Expense","Entertainment",46.3,"2024-07-24 19:15:29","Concert","Card",false,"One-time"
"e03223bb-e7f4-4d2b-983d-fa055d503115","Expense","Transport",8.06,"2024-07-24 08:46:56","Bus ride","Cash",false,"One-time"
"4316f050-c362-4218-8e8a-54b644875601","Expense","Transport",9.36,"2024-07-24 07:03:15","Bus ride","Cash",false,"One-time"
"1d9fb11e-78ad-4595-84bf-89554c1c8ea7","Expense","Transport",7.46,"2024-07-24 05:07:00","Metro ride","Cash",false,"One-time"
"c6bccffb-d980-4f73-8b7b-370844b916ab","Expense","Transport",1.87,"2024-07-24 03:14:47","Bus ride","Cash",false,"One-time"
"587b33ec-e5d3-4e2b-b1d3-6d2306bb0592","Expense","Food",21.34,"2024-07-22 14:00:00","Groceries","Bank Transfer",false,"One-time"
"0e8e6bb0-0b7c-486b-ae48-a644c7eb0413","Expense","Food",17.21,"2024-07-22 04:04:33","Restaurant","Card",false,"One-time"
"6d5a5f98-c0e6-42fa-b1ff-fc9e83256863","Income","Part-time",473.09,"2024-07-21 09:10:55","Freelance project","Card",false,"One-time"
"afe2bc9d-e62b-474f-8171-b0698c35992a","Expense","Transport",1.97,"2024-07-21 02:31:29","Auto ride","Bank Transfer",false,"One-time"
"e32ed28a-5076-4d12-bbb8-93ffabe4e75d","Expense","Transport",4.14,"2024-07-19 20:48:53","Bus ride","Card",false,"One-time"
"ac6e6bb0-53cf-4c8f-b956-511fc8f1c8d2","Expense","Food",20.58,"2024-07-18 19:38:46","Mess meal","Bank Transfer",false,"One-time"
"bca61d37-4a5c-4c49-9ca2-b06ce6d0b353","Expense","Transport",3.4,"2024-07-17 21:57:03","Metro ride","Bank Transfer",false,"One-time"
"09e355e8-f3b1-4376-b545-e7650e3edce3","Expense","Transport",25.59,"2024-07-17 09:40:45","Taxi ride","Card",false,"One-time"
"20eafe87-78ba-4aae-96c6-91595b15f78b","Expense","Transport",2.92,"2024-07-16 11:33:33","Auto ride","Cash",false,"One-time"
"f1f2641c-8c67-4df7-af8d-8641e675849f","Expense","Transport",7.16,"2024-07-15 19:38:03","Auto ride","Bank Transfer",false,"One-time"
"5783501f-f599-4254-9206-354670f54164","Expense","Transport",6.36,"2024-07-14 23:20:17","Bus ride","Cash",false,"One-time"
"9365eb08-3e8b-4e26-9f65-18bc81be7a27","Expense","Food",10.54,"2024-07-14 10:50:08","Mess meal","Cash",false,"One-time"
"dcf5e340-4aec-4e38-bb93-ff00146e4dfb","Expense","Food",13.58,"2024-07-13 20:19:46","Mess meal","Bank Transfer",false,"One-time"
"f0472357-181b-42e0-b25b-92966d8caa64","Expense","Utilities",94.31,"2024-07-13 00:07:59","Electricity, water, internet","Bank Transfer",true,"Monthly"
"6b85991b-5a58-48ec-a2c8-542f97fdbc45","Expense","Food",23.4,"2024-07-12 23:13:40","Groceries","Cash",false,"One-time"
"7c4e497c-b11d-464a-bc6b-530236a68938","Expense","Transport",3.74,"2024-07-11 13:17:33","Bus ride","Bank Transfer",false,"One-time"
"a3288b8c-34a6-4743-9df9-eba28475ef17","Expense","Food",12.65,"2024-07-11 11:56:19","Restaurant","Bank Transfer",false,"One-time"
"8c421b10-d5a4-4e2d-84ed-46b2d3f77402","Expense","Food",19.96,"2024-07-10 06:33:38","Snacks","Bank Transfer",false,"One-time"
"a55a30bf-f9d5-4715-ac88-fd4fa5b4b60d","Expense","Transport",9.56,"2024-07-09 06:02:59","Bus ride","Card",false,"One-time"
"7fcc5150-e264-4c9f-98ca-2405aba4984c","Expense","Transport",38.01,"2024-07-08 01:30:23","Taxi ride","Cash",false,"One-time"
"65ec7a35-2d25-41d0-ab91-31ffb2c00d01","Expense","Transport",9.1,"2024-07-06 11:10:16","Bus ride","Bank Transfer",false,"One-time"
"3bff49f8-e502-45e0-8486-77f7b9eac99a","Expense","Groceries",34.47,"2024-07-05 15:04:14","Mess meal","Cash",false,"One-time"
"0aa2ff85-840e-4b21-8ea5-3c0ebc220abb","Expense","Shopping",24.3,"2024-07-05 00:59:26","Electronics","Bank Transfer",false,"One-time"
"591efe8a-4c40-49a2-becc-0b82c57ce08e","Income","Allowance",870.23,"2024-07-04 14:00:27","Parental support","Bank Transfer",true,"Monthly"
"718840b1-4a7e-4333-ad09-351fae4f2243","Expense","Food",7.65,"2024-07-04 00:13:30","Restaurant","Bank Transfer",false,"One-time"
"7681849f-afdf-4a20-969a-57775c18ba66","Expense","Transport",3.86,"2024-07-03 20:34:34","Metro ride","Card",false,"One-time"
"ac4d2a5a-1ca1-479e-b974-6a29cb31b10c","Expense","Food",12.44,"2024-07-03 20:23:16","Restaurant","Cash",false,"One-time"
"9ba3191d-6e44-43da-9888-4d8adc0bdbdd","Expense","Entertainment",46.36,"2024-07-03 17:29:00","Concert","Cash",false,"One-time"
"35ebee77-edad-4bea-9a6d-93c57633ac49","Expense","Transport",6.06,"2024-07-03 16:58:13","Metro ride","Card",false,"One-time"
"31fd3b66-2213-4669-a178-df42b963bf11","Expense","Food",16.79,"2024-07-03 03:08:48","Groceries","Card",false,"One-time"
"9a330bb6-6b14-4252-be3e-8533740bfee8","Expense","Transport",36.65,"2024-07-02 12:04:56","Taxi ride","Card",false,"One-time"
"79311850-242e-4a19-bdb3-7e780a88ae1e","Expense","Food",9.82,"2024-07-02 07:31:24","Mess meal","Bank Transfer",false,"One-time"
"6b34899b-f022-41ca-b55e-f4bc54067b5d","Expense","Food",12.74,"2024-07-01 11:59:20","Groceries","Card",false,"One-time"
"39f04c56-8564-4601-9e15-fd38541afcfd","Expense","Rent",571.36,"2024-07-01 01:06:40","Monthly rent","Bank Transfer",true,"Monthly"
"d22fbf65-c88e-432c-b319-620b65fc52ff","Expense","Transport",3.62,"2024-06-28 20:08:44","Metro ride","Bank Transfer",false,"One-time"
"6aa64a54-de4f-4709-a1ac-70c7bb0b20e6","Expense","Healthcare",136.24,"2024-06-28 15:50:21","Doctor visit / medicine","Cash",false,"One-time"
"4be6a15e-b5c3-43ee-ad78-65757961a2ec","Expense","Food",17.96,"2024-06-26 22:07:01","Restaurant","Bank Transfer",false,"One-time"
"aaaefa52-41ee-47fc-924f-a8f625508a64","Income","Part-time",465.76,"2024-06-26 17:38:40","Freelance project","Card",false,"One-time"
"0960d30b-569a-4904-9692-ffb329843289","Expense","Transport",3.41,"2024-06-26 07:18:02","Auto ride","Card",false,"One-time"
"45ebbe58-ba5c-4bd3-8221-a40f198ea577","Expense","Transport",7.4,"2024-06-26 02:25:32","Auto ride","Card",false,"One-time"
"b73d2eaa-e611-4f12-8bac-aa868e577320","Expense","Transport",6.57,"2024-06-26 01:36:22","Auto ride","Cash",false,"One-time"
"09c9bc07-45af-4ea1-bec3-69bac178d21e","Expense","Transport",9.91,"2024-06-25 23:28:34","Metro ride","Cash",false,"One-time"
"cb3831e2-02ed-4291-a59d-4bcc645ec22a","Expense","Transport",8.82,"2024-06-25 07:13:51","Auto ride","Bank Transfer",false,"One-time"
"cf0c43e5-408d-46bd-ab1d-e2fe445fc9f7","Expense","Transport",8.94,"2024-06-24 20:48:15","Auto ride","Cash",false,"One-time"
"8370d782-e290-444f-8bd6-96898b3002fb","Expense","Entertainment",74.27,"2024-06-24 14:40:42","Movie","Cash",false,"One-time"
"48a1457e-b3ad-41ab-807d-32df9dc6afab","Expense","Food",16.94,"2024-06-22 15:33:40","Groceries","Bank Transfer",false,"One-time"
"80719c4e-f4fa-4085-bf74-6f711db6b858","Expense","Groceries",54.43,"2024-06-22 15:26:45","Mess meal","Bank Transfer",false,"One-time"
"5380af96-589f-4038-94a8-1b86e28f973e","Expense","Transport",37.97,"2024-06-22 03:08:48","Taxi ride","Card",false,"One-time"
"42d1eb6c-9e32-4793-abb7-8bc157f17263","Expense","Transport",8.17,"2024-06-21 13:10:39","Metro ride","Cash",false,"One-time"
"166d4372-4247-4f7f-b0ab-10cb271cc1f3","Expense","Transport",26.3,"2024-06-21 08:40:26","Taxi ride","Bank Transfer",false,"One-time"
"0decaf09-034c-424c-b470-fd5e2dc86c52","Expense","Groceries",78.34,"2024-06-20 01:36:41","Snacks","Card",false,"One-time"
"fde812ad-26f1-46d4-938e-5e4656a2209b","Expense","Transport",6.11,"2024-06-19 03:17:49","Auto ride","Cash",false,"One-time"
"497961dd-be1a-47b5-ac70-b625ecec126a","Expense","Food",7.36,"2024-06-19 02:43:08","Snacks","Cash",false,"One-time"
"c78b583f-7ccf-455b-bcdd-5d5c628375b1","Income","Part-time",380.65,"2024-06-18 01:50:23","Freelance project","Card",false,"One-time"
"06869ac1-58a9-4d35-b21a-34b01d28c9e1","Expense","Entertainment",88.86,"2024-06-16 10:37:00","Outing with friends","Card",false,"One-time"
"a5b11635-aef7-40ff-b814-4f55794fe387","Expense","Groceries",78.19,"2024-06-16 04:12:52","Groceries","Card",false,"One-time"
"ac9dcfc6-aa37-45ec-8bd5-9024317520cd","Expense","Transport",5.23,"2024-06-15 08:22:55","Bus ride","Cash",false,"One-time"
"de2c1f7a-dcda-4976-93c6-85a91104d2c7","Expense","Shopping",78.12,"2024-06-14 06:31:17","Electronics","Cash",false,"One-time"
"4eeb12fe-98ab-4820-aabc-3a21ab242488","Expense","Food",16.1,"2024-06-13 13:11:31","Groceries","Card",false,"One-time"
"faeaaab0-2232-41b2-884f-b33a6795b523","Expense","Utilities",79.17,"2024-06-13 02:28:38","Electricity, water, internet","Bank Transfer",true,"Monthly"
"d0887722-a1a9-4dcb-8b08-34c1c43d7522","Expense","Food",11.9,"2024-06-12 12:29:49","Mess meal","Card",false,"One-time"
"24f25e2e-6315-44d9-8c52-bef8f8758fb2","Expense","Transport",9.6,"2024-06-11 22:18:18","Auto ride","Bank Transfer",false,"One-time"
"914a9a05-545b-47be-a0e7-3f98e0f41462","Expense","Transport",27.24,"2024-06-11 07:48:53","Taxi ride","Bank Transfer",false,"One-time"
"092f8ab9-e445-4940-86d4-92ad99138ae5","Expense","Food",15.42,"2024-06-10 10:29:50","Snacks","Card",false,"One-time"
"5da9f094-7aa2-425c-93d6-42fbdda8f840","Expense","Food",11.62,"2024-06-08 16:11:35","Groceries","Card",false,"One-time"
"3c1ea7a3-4f32-4b50-92a8-c9fbf2332100","Expense","Food",17.81,"2024-06-08 12:40:11","Groceries","Card",false,"One-time"
"6bb6a4b7-ee2c-4731-839e-c8af6b206bf6","Expense","Transport",28.74,"2024-06-06 14:36:47","Taxi ride","Cash",false,"One-time"
"0a729891-4dce-45f9-9b00-f5dd3fbb1747","Expense","Groceries",50.91,"2024-06-06 11:44:09","Restaurant","Bank Transfer",false,"One-time"
"5277b057-6cb5-4f39-98a8-735339fd25eb","Expense","Groceries",60.97,"2024-06-05 05:20:53","Snacks","Cash",false,"One-time"
"0afbcd53-c3b0-4265-9b17-f102a1ae3df2","Income","Allowance",942.04,"2024-06-04 17:32:59","Parental support","Bank Transfer",true,"Monthly"
"1934b6e2-6106-4712-9dfa-24f764d87edd","Expense","Food",8.94,"2024-06-04 17:11:23","Mess meal","Card",false,"One-time"
"b9627ae1-440a-44be-a5a8-0cc19a3624f3","Expense","Groceries",45.95,"2024-06-04 14:46:44","Snacks","Cash",false,"One-time"
"c2234ab1-0357-4f57-b9b9-46bbff6e96f8","Expense","Groceries",60.87,"2024-06-04 11:22:54","Snacks","Bank Transfer",false,"One-time"
"12782e0a-4f6c-4600-ba8e-4310a117cf13","Expense","Food",7.32,"2024-06-04 09:26:58","Restaurant","Card",false,"One-time"
"d427456e-3812-4854-99fe-273789b7c3ab","Income","Part-time",242.0,"2024-06-04 07:42:42","Freelance project","Card",false,"One-time"
"4424828d-238b-4aff-a937-29d1c5dbad4c","Expense","Food",15.21,"2024-06-04 00:06:16","Restaurant","Card",false,"One-time"
"85f41f08-ef1a-48a0-a082-d45b6fbd4249","Expense","Rent",568.61,"2024-06-02 08:42:09","Monthly rent","Bank Transfer",true,"Monthly"
"e7e1064b-7542-4ed4-b046-fa7c23e68624","Expense","Food",13.99,"2024-06-01 23:39:56","Groceries","Card",false,"One-time"
"a5dccea8-05bf-4fc4-96fe-72cf1f9bb206","Expense","Food",20.05,"2024-06-01 22:13:13","Mess meal","Bank Transfer",false,"One-time"
"fc904154-6acd-48e1-ae54-6d34c08caed5","Expense","Food",20.05,"2024-05-28 10:01:13","Groceries","Cash",false,"One-time"
"1db64032-1682-4336-b5ac-7ca6743d7f1f","Expense","Food",9.6,"2024-05-28 03:57:33","Groceries","Card",false,"One-time"
"232cc801-805e-4e45-900d-9033d643dc68","Expense","Food",5.18,"2024-05-27 20:14:04","Groceries","Card",false,"One-time"
"edef0200-f12e-4270-98bd-3342154b114a","Expense","Food",10.15,"2024-05-27 07:31:35","Groceries","Bank Transfer",false,"One-time"
"c9ba8e89-753a-4786-821d-d902e6b00d12","Expense","Food",15.02,"2024-05-25 23:08:50","Snacks","Cash",false,"One-time"
"de69d298-ff1e-4b1e-a5f4-1126b81110ad","Income","Part-time",248.28,"2024-05-25 10:58:13","Freelance project","Card",false,"One-time"
"533a41d1-e19a-43f4-99bf-85c3ea252fbf","Expense","Transport",5.39,"2024-05-24 20:31:38","Metro ride","Cash",false,"One-time"
"f64cafa9-053e-4a4b-81ef-373a3ef90b98","Expense","Food",11.6,"2024-05-24 13:18:09","Groceries","Bank Transfer",false,"One-time"
"ccbdd5c5-7ea5-43fa-b14a-83ffa984bd17","Expense","Transport",9.7,"2024-05-23 06:30:20","Metro ride","Card",false,"One-time"
"f26889ab-6ef5-4e3a-8391-30d55db2bc21","Expense","Food",19.66,"2024-05-21 23:31:29","Snacks","Cash",false,"One-time"
"d5722b78-b1b2-441e-a907-821b6ae3521e","Expense","Transport",6.89,"2024-05-20 12:49:20","Bus ride","Card",false,"One-time"
"ecdff809-0412-44e8-af28-49edf256a6f8","Expense","Transport",8.28,"2024-05-19 21:24:05","Auto ride","Bank Transfer",false,"One-time"
"5e9ae24d-2453-42da-bdda-56adda48fb79","Expense","Entertainment",80.25,"2024-05-19 17:11:43","Movie","Cash",false,"One-time"
"5ea04155-2187-41a3-8010-c358c15fe1a1","Expense","Food",15.59,"2024-05-18 17:26:00","Snacks","Bank Transfer",false,"One-time"
"ef3bcac7-3272-4881-abdc-bba51e3cb5f4","Expense","Transport",25.8,"2024-05-16 07:22:35","Taxi ride","Bank Transfer",false,"One-time"
"f0dc5ca6-e147-49bc-9a5f-33e80119bc98","Expense","Transport",4.05,"2024-05-15 10:27:52","Metro ride","Bank Transfer",false,"One-time"
"fb8a73be-7a23-4938-abee-d71fa52a72b1","Expense","Shopping",32.45,"2024-05-15 09:53:44","Stationery","Bank Transfer",false,"One-time"
"4312fb89-0059-43ab-94ef-c0f5cf67bbf4","Expense","Transport",4.57,"2024-05-14 09:30:50","Bus ride","Cash",false,"One-time"
"94d68373-f074-4087-850a-493b1b6719de","Expense","Transport",6.64,"2024-05-14 07:53:04","Auto ride","Bank Transfer",false,"One-time"
"8f6ee52a-a804-4fc1-a64f-693e7fee6389","Income","Part-time",188.51,"2024-05-14 01:36:55","Freelance project","Card",false,"One-time"
"c71de547-d3bb-41c9-ad0d-ef3de2075c04","Expense","Utilities",72.34,"2024-05-13 17:41:22","Electricity, water, internet","Bank Transfer",true,"Monthly"
"af68240a-6621-4020-8c5a-b14b721eaf2d","Expense","Groceries",32.81,"2024-05-13 12:24:35","Mess meal","Bank Transfer",false,"One-time"
"86c74b37-0919-4fcf-9646-d97d3d81b046","Expense","Entertainment",48.4,"2024-05-13 08:52:50","Movie","Card",false,"One-time"
"08a98cfc-11a1-42f5-a3d9-f6817a814969","Expense","Transport",8.84,"2024-05-12 17:05:38","Auto ride","Cash",false,"One-time"
"c5b33ae4-8359-41d1-92f2-75308474ce17","Expense","Transport",39.19,"2024-05-10 23:44:40","Taxi ride","Cash",false,"One-time"
"74143a23-5633-47f8-847e-8120444d73d8","Expense","Transport",2.37,"2024-05-10 14:23:48","Auto ride","Cash",false,"One-time"
"c3c9f337-11d9-4d59-b10f-123ea55d090a","Expense","Transport",7.66,"2024-05-10 13:24:49","Bus ride","Bank Transfer",false,"One-time"
"8e76483f-be50-4031-9116-9781c64b0147","Expense","Transport",2.92,"2024-05-10 08:31:09","Bus ride","Card",false,"One-time"
"9ccf2733-f4e3-4d09-8366-6df58bd61a67","Expense","Groceries",63.85,"2024-05-10 05:36:15","Snacks","Card",false,"One-time"
"269f0ca3-fdc2-4916-978e-c0e3a9ba50c0","Expense","Groceries",70.31,"2024-05-10 00:32:52","Restaurant","Cash",false,"One-time"
"68bc1e1a-dfad-4720-8ee3-a1322e053370","Expense","Transport",35.1,"2024-05-10 00:25:21","Taxi ride","Card",false,"One-time"
"8aec59ea-aa91-43a9-9eca-46295c2622f1","Expense","Groceries",52.95,"2024-05-09 12:05:23","Restaurant","Bank Transfer",false,"One-time"
"ef338593-7d7b-46a7-a00f-07425c636894","Expense","Transport",19.24,"2024-05-08 18:33:10","Taxi ride","Card",false,"One-time"
"d4d1dc6b-7476-49cc-b684-04cafb5403ed","Expense","Food",18.07,"2024-05-08 09:43:52","Mess meal","Cash",false,"One-time"
"2a1f261c-3328-4893-aacf-94a90d41489d","Expense","Transport",17.58,"2024-05-06 13:28:35","Taxi ride","Cash",false,"One-time"
"8320ff77-3e2c-419a-bc7c-ce4d1bb19c53","Expense","Groceries",62.25,"2024-05-06 02:31:54","Snacks","Bank Transfer",false,"One-time"
"5c139018-67ff-4b48-a7b1-5f5627e6876e","Expense","Food",23.34,"2024-05-05 23:34:31","Mess meal","Bank Transfer",false,"One-time"
"1dd78c72-373b-4fa7-9c1a-8b093cce0d63","Expense","Transport",2.41,"2024-05-05 23:24:20","Auto ride","Cash",false,"One-time"
"9fd8417f-5e0f-45c5-9801-5d51c8590af4","Income","Part-time",473.9,"2024-05-05 00:16:35","Freelance project","Card",false,"One-time"
"002367e0-1f83-49c6-9c45-c06f3a89c401","Expense","Food",17.4,"2024-05-04 16:09:15","Snacks","Card",false,"One-time"
"6f2cc36c-3caf-4975-9659-31ec0d66ec85","Income","Allowance",896.6,"2024-05-03 16:56:31","Parental support","Bank Transfer",true,"Monthly"
"24f800f3-8ccc-4608-8eb4-dacc1315c2b1","Expense","Transport",32.79,"2024-05-03 02:17:09","Taxi ride","Bank Transfer",false,"One-time"
"cabed1d3-cb0f-4cfa-8925-18b07a8453d1","Expense","Groceries",62.96,"2024-05-02 19:40:42","Mess meal","Cash",false,"One-time"
"7a1c291f-8663-4578-83df-f16eb0ca1642","Expense","Rent",551.32,"2024-05-02 17:20:49","Monthly rent","Bank Transfer",true,"Monthly"
"54b3f354-6403-4d7f-ac0c-a05eb4ba1df4","Expense","Food",20.29,"2024-05-02 02:52:42","Groceries","Cash",false,"One-time"
"76ba3f76-27cb-49fd-a757-cc321e381223","Expense","Food",22.99,"2024-05-02 02:43:59","Mess meal","Cash",false,"One-time"
"b97c7418-8fce-4c3e-b0b3-f4bf7128d950","Expense","Food",21.18,"2024-04-28 16:29:17","Snacks","Cash",false,"One-time"
"b79a858b-c204-488e-997e-a5e91515cd93","Expense","Transport",9.88,"2024-04-27 10:15:19","Metro ride","Bank Transfer",false,"One-time"
"0cee8b9d-cd66-46ab-9e87-d2aa2ca651d6","Expense","Transport",5.44,"2024-04-27 00:48:01","Auto ride","Bank Transfer",false,"One-time"
"15470844-8d96-446a-9331-06e0b39cc940","Expense","Transport",5.97,"2024-04-25 19:55:50","Bus ride","Bank Transfer",false,"One-time"
"017c51cd-9053-4d1f-bac2-7bcdb8ecda1a","Expense","Transport",7.98,"2024-04-25 17:51:42","Metro ride","Bank Transfer",false,"One-time"
"c4a999ea-6192-40b0-a286-c4a37174f447","Expense","Food",5.28,"2024-04-24 14:41:16","Snacks","Card",false,"One-time"
"b4a92b79-329a-4e23-9439-d9f9ccb1f2a4","Expense","Transport",28.9,"2024-04-24 05:40:43","Taxi ride","Cash",false,"One-time"
"4514996f-048d-40f8-93a9-e07a85ca484b","Expense","Shopping",106.21,"2024-04-24 03:47:48","Books","Bank Transfer",false,"One-time"
"e53dab26-75ef-40b1-bac3-24330bd6b2c7","Expense","Transport",2.02,"2024-04-23 11:04:58","Bus ride","Bank Transfer",false,"One-time"
"0f495f19-e7d1-4342-82a6-84e7e7cdcf0e","Expense","Transport",9.88,"2024-04-23 02:34:03","Bus ride","Card",false,"One-time"
"ebecd120-c751-40cd-b7cf-c804909834f3","Expense","Transport",26.21,"2024-04-21 13:23:57","Taxi ride","Card",false,"One-time"
"f1977a90-7cec-46b9-86a3-c1116001cb6e","Expense","Transport",3.1,"2024-04-20 19:02:55","Bus ride","Bank Transfer",false,"One-time"
"219ec386-99d4-4815-a9f0-26f3aa2f4d4a","Expense","Groceries",37.66,"2024-04-20 07:14:08","Snacks","Card",false,"One-time"
"728a1c9c-bbc1-4eed-a9a9-31afb8c6e5c6","Expense","Food",17.22,"2024-04-19 21:48:12","Groceries","Card",false,"One-time"
"282a976d-2248-4eec-b0e1-c15a5381d353","Expense","Food",10.69,"2024-04-19 19:06:59","Groceries","Cash",false,"One-time"
"a5d537a1-e28d-49fe-a715-3f704466c02d","Expense","Transport",3.78,"2024-04-18 23:53:12","Bus ride","Bank Transfer",false,"One-time"
"33116004-e161-483d-9358-af98bb91ad0b","Expense","Transport",7.65,"2024-04-18 14:43:51","Auto ride","Card",false,"One-time"
"7a41b554-b923-4e72-917c-adda80fc995c","Expense","Transport",3.6,"2024-04-18 13:34:24","Metro ride","Card",false,"One-time"
"462bd9dc-21c9-40db-bb53-5a28f6975853","Expense","Food",17.77,"2024-04-17 22:49:19","Snacks","Card",false,"One-time"
"19995d4d-17ef-4408-9ce7-0ca92ca9332b","Expense","Food",8.7,"2024-04-17 10:05:25","Restaurant","Card",false,"One-time"
"e4cadf19-d990-4436-aa5c-a74afca7b2ec","Expense","Transport",2.9,"2024-04-17 06:36:34","Metro ride","Bank Transfer",false,"One-time"
"e38c4fae-53fd-4c5c-9cc3-0f5a8ca0e65b","Expense","Entertainment",43.3,"2024-04-16 06:55:58","Movie","Card",false,"One-time"
"4ef0c478-fd2d-4233-9e4f-250da6d65b6d","Expense","Transport",17.27,"2024-04-15 03:43:13","Taxi ride","Bank Transfer",false,"One-time"
"03e80daf-8b7c-44a0-9008-ae019f8911db","Expense","Transport",26.42,"2024-04-15 01:29:08","Taxi ride","Cash",false,"One-time"
"13eb6f6d-cf6f-43ce-84f0-ba595cd6c60e","Expense","Transport",3.55,"2024-04-14 19:49:59","Bus ride","Cash",false,"One-time"
"b7af6bec-9dc7-4979-af07-6a08289949ff","Expense","Transport",4.8,"2024-04-14 13:35:33","Metro ride","Card",false,"One-time"
"fa60ace4-7d05-4fc9-9283-cfae55e48678","Expense","Food",24.94,"2024-04-14 05:59:58","Groceries","Card",false,"One-time"
"f9478591-51bc-4785-bb06-b8741d16e9f6","Expense","Transport",7.91,"2024-04-13 14:14:34","Metro ride","Cash",false,"One-time"
"e1d12df3-097d-4a98-b6e4-fdb3bd6b3cca","Expense","Transport",7.06,"2024-04-13 02:43:42","Metro ride","Card",false,"One-time"
"43813166-1fed-49ea-9d57-32814aefe93e","Expense","Transport",7.42,"2024-04-12 20:42:24","Auto ride","Card",false,"One-time"
"cad5ee55-bb06-42a4-b883-8ba82e56f02f","Expense","Utilities",62.37,"2024-04-12 10:18:41","Electricity, water, internet","Bank Transfer",true,"Monthly"
"b67fc465-b42f-40c2-a0d2-f51871a322a3","Expense","Groceries",41.78,"2024-04-11 07:00:16","Snacks","Card",false,"One-time"
"d40495e3-ef2a-406b-8ae9-c8fe205cefd4","Expense","Transport",37.87,"2024-04-10 22:09:51","Taxi ride","Bank Transfer",false,"One-time"
"6d0f9a91-819e-431c-8580-c069e6af209c","Expense","Food",10.23,"2024-04-10 18:46:36","Snacks","Bank Transfer",false,"One-time"
"9bd7b288-5050-4e11-8b63-7a49e734948a","Expense","Transport",1.88,"2024-04-09 00:47:13","Bus ride","Card",false,"One-time"
"9a01b9bc-b2ad-4f0b-969f-a854b516909e","Expense","Transport",6.23,"2024-04-08 13:19:17","Bus ride","Bank Transfer",false,"One-time"
"e258a394-8555-4f22-a7e7-13abdc55d816","Expense","Groceries",45.34,"2024-04-08 01:42:07","Groceries","Bank Transfer",false,"One-time"
"2c7619e9-d91e-4529-b999-e2b83724dc61","Expense","Transport",36.18,"2024-04-07 10:41:05","Taxi ride","Cash",false,"One-time"
"f1876e1e-521b-4d1b-a528-3d22e0fc7d32","Expense","Food",22.53,"2024-04-06 23:55:59","Mess meal","Card",false,"One-time"
"969e9127-d3df-4f53-9876-9c343cd50cd9","Expense","Transport",6.41,"2024-04-05 16:18:14","Auto ride","Bank Transfer",false,"One-time"
"21511d09-7544-4f1b-a1f7-09435032af26","Expense","Transport",21.02,"2024-04-05 09:24:11","Taxi ride","Cash",false,"One-time"
"c014fe6d-7859-43d6-ab36-7b9d37c0344d","Expense","Transport",1.77,"2024-04-05 08:12:59","Bus ride","Bank Transfer",false,"One-time"
"feb73b6d-2433-4e95-a02e-320d24f86a7b","Expense","Transport",3.58,"2024-04-04 19:02:28","Bus ride","Cash",false,"One-time"
"ad852d50-bdde-4014-92f4-f56e6ea026fb","Expense","Rent",570.24,"2024-04-04 15:41:12","Monthly rent","Bank Transfer",true,"Monthly"
"9ba9a73b-cc3b-4deb-a781-bd17ede85325","Expense","Transport",7.69,"2024-04-04 05:34:25","Metro ride","Cash",false,"One-time"
"0fb28f1c-1181-4c67-8d8d-27fbebea14b9","Expense","Transport",8.01,"2024-04-02 09:26:11","Metro ride","Bank Transfer",false,"One-time"
"c72f748d-2c50-4a66-bb80-ef031d669f16","Income","Allowance",903.52,"2024-04-01 20:36:14","Parental support","Bank Transfer",true,"Monthly"
"a6c1610a-e0ec-4bd5-a284-cbfaf7010abb","Expense","Food",24.6,"2024-03-27 00:23:21","Snacks","Bank Transfer",false,"One-time"
"e1ef3427-650b-4877-b691-2b28b43015f1","Expense","Transport",22.93,"2024-03-25 09:45:13","Taxi ride","Card",false,"One-time"
"4bcdedd2-4fbe-4ca7-b5fa-0f369a8ff61d","Expense","Food",15.3,"2024-03-24 11:25:08","Mess meal","Card",false,"One-time"
"397f3af9-2cfc-478d-a520-73b9b3afa9e2","Expense","Transport",31.4,"2024-03-23 02:22:59","Taxi ride","Bank Transfer",false,"One-time"
"1f15c6a4-4981-4318-a270-bbd244caa821","Expense","Transport",6.69,"2024-03-22 20:51:44","Auto ride","Cash",false,"One-time"
"be486d9c-af40-429e-8c60-2fcbad06cb9a","Expense","Food",12.88,"2024-03-22 19:07:08","Snacks","Bank Transfer",false,"One-time"
"03907de2-b2f6-4c6c-8254-ff4dda574d8a","Expense","Shopping",196.02,"2024-03-22 04:00:35","Books","Cash",false,"One-time"
"d17d09dd-d3b4-4166-84a2-1c2bc2e2e846","Expense","Entertainment",50.13,"2024-03-21 07:03:06","Outing with friends","Cash",false,"One-time"
"afb85a39-41e5-4489-9d1a-ee6f18fccd69","Expense","Transport",7.63,"2024-03-20 15:16:41","Metro ride","Bank Transfer",false,"One-time"
"5999ff78-ed46-448c-85c6-1567be1fe815","Expense","Food",14.97,"2024-03-19 23:20:12","Groceries","Card",false,"One-time"
"c86043c0-b628-44fd-a375-79b06406f3bb","Expense","Food",14.9,"2024-03-19 11:03:03","Groceries","Card",false,"One-time"
"a7cd505a-7df3-4318-bd32-18cc476b8f74","Expense","Transport",6.37,"2024-03-18 23:17:18","Bus ride","Bank Transfer",false,"One-time"
"b0393412-874b-4cc7-ab91-e9bf77403157","Expense","Groceries",68.22,"2024-03-18 09:04:24","Snacks","Bank Transfer",false,"One-time"
"9de553f9-de9b-45ae-90c7-cf742268931e","Expense","Groceries",36.7,"2024-03-18 00:54:06","Snacks","Bank Transfer",false,"One-time"
"20d82a2b-5bd2-468e-8531-4876100a2506","Expense","Food",8.25,"2024-03-17 04:20:59","Snacks","Bank Transfer",false,"One-time"
"275f9d7c-7fc8-4468-adcb-70cf0152a459","Expense","Transport",5.91,"2024-03-16 23:46:03","Metro ride","Bank Transfer",false,"One-time"
"4bb7345e-14d6-4cd9-ba5e-3ba6042bed11","Expense","Transport",9.43,"2024-03-16 06:12:52","Auto ride","Bank Transfer",false,"One-time"
"49370ce2-b5c0-47e9-8823-76561621da96","Expense","Transport",18.69,"2024-03-16 05:33:40","Taxi ride","Bank Transfer",false,"One-time"
"36bf47ce-8057-4905-9c0e-2c4602f875ae","Expense","Transport",7.24,"2024-03-15 17:21:34","Auto ride","Bank Transfer",false,"One-time"
"e4b5e9ed-af4a-47cd-83ed-94a6bb035aa1","Expense","Utilities",62.92,"2024-03-15 12:19:29","Electricity, water, internet","Bank Transfer",true,"Monthly"
"1ad6b459-0a46-4a55-a0e8-f020a5af1955","Expense","Transport",3.97,"2024-03-13 12:52:22","Metro ride","Card",false,"One-time"
"7627895d-f495-4da5-8ca8-2f1c575855c4","Expense","Groceries",32.56,"2024-03-12 12:23:02","Restaurant","Card",false,"One-time"
"0a4c7710-c037-4c66-a223-79afa4400ac6","Expense","Groceries",55.0,"2024-03-12 04:12:38","Mess meal","Cash",false,"One-time"
"8338e952-6a1e-4bff-abdf-146462e06dbd","Expense","Transport",22.84,"2024-03-11 21:30:33","Taxi ride","Cash",false,"One-time"
"3da5ea56-c075-458e-a3a2-d862a02a1043","Income","Part-time",444.59,"2024-03-11 19:09:20","Freelance project","Card",false,"One-time"
"69408f1d-4985-4ae1-837c-ff7dee0722b6","Expense","Groceries",65.44,"2024-03-11 16:53:32","Snacks","Card",false,"One-time"
"aa53a29f-2d68-4249-8cbc-f554e551e4c0","Expense","Transport",4.99,"2024-03-11 13:09:26","Metro ride","Bank Transfer",false,"One-time"
"62ba37e6-b840-42a2-9d44-32955ac5d4a0","Expense","Groceries",55.27,"2024-03-10 15:01:05","Restaurant","Cash",false,"One-time"
"9dfa8c13-bd65-4c9f-bc77-a613ffacd39b","Expense","Groceries",42.41,"2024-03-10 12:55:39","Restaurant","Card",false,"One-time"
"82577657-0f58-4ed1-90e0-fb1010d9747f","Expense","Transport",3.56,"2024-03-09 04:06:39","Metro ride","Bank Transfer",false,"One-time"
"39df1d94-e368-4b95-84d5-18b7a278042d","Expense","Groceries",42.4,"2024-03-08 14:07:17","Mess meal","Cash",false,"One-time"
"186b922f-3d60-41bf-bfff-c5ebc7f5bef2","Expense","Transport",9.5,"2024-03-08 08:35:19","Metro ride","Card",false,"One-time"
"25dfb885-c723-4c85-b230-9fed89fc983c","Expense","Transport",3.12,"2024-03-08 01:36:44","Bus ride","Card",false,"One-time"
"31226cbc-4e29-416b-b345-21a22b6af379","Expense","Groceries",55.97,"2024-03-05 22:21:51","Restaurant","Bank Transfer",false,"One-time"
"e44e3c02-f2d6-4c9b-9608-e89e564532a6","Expense","Rent",559.32,"2024-03-05 09:41:19","Monthly rent","Bank Transfer",true,"Monthly"
"c6ed2cfb-8241-4f1a-98c6-47d60f10ad2b","Income","Allowance",898.43,"2024-03-01 05:28:26","Parental support","Bank Transfer",true,"Monthly"
"f1827920-b789-41a8-96b3-ab94ce3be5e6","Expense","Transport",15.87,"2024-02-28 19:43:50","Taxi ride","Cash",false,"One-time"
"e5f97c49-658c-4754-b810-84527b603281","Expense","Transport",6.17,"2024-02-28 10:42:22","Bus ride","Card",false,"One-time"
"2e72625d-b7df-478d-9ad9-6aab41cf47c4","Expense","Transport",39.93,"2024-02-28 02:28:11","Taxi ride","Bank Transfer",false,"One-time"
"57382158-0f9f-44c2-b109-8b508a5e1214","Expense","Shopping",190.74,"2024-02-27 00:05:02","Electronics","Bank Transfer",false,"One-time"
"fde6f608-8e3e-4f01-9db1-1ee6c33be521","Expense","Transport",35.58,"2024-02-24 15:33:26","Taxi ride","Cash",false,"One-time"
"c1e8e54b-337e-48e2-b210-764afc275401","Expense","Food",21.02,"2024-02-23 15:23:59","Groceries","Cash",false,"One-time"
"7d9bc291-fa75-4ee1-966f-3485568d819d","Income","Part-time",100.63,"2024-02-23 04:18:27","Freelance project","Card",false,"One-time"
"27a42924-9393-4d5c-884d-4696b10442ff","Expense","Groceries",38.33,"2024-02-22 09:19:28","Groceries","Card",false,"One-time"
"bdeb8d80-dba1-4adb-874f-657b31b2ccd2","Expense","Food",12.14,"2024-02-21 12:23:16","Mess meal","Card",false,"One-time"
"f970615e-9d73-4f5a-8f36-03f25c75f782","Expense","Groceries",48.17,"2024-02-21 01:04:42","Restaurant","Cash",false,"One-time"
"a3b35b92-cdf1-4910-b815-87a033061239","Expense","Transport",20.0,"2024-02-20 09:44:58","Taxi ride","Cash",false,"One-time"
"22f5f338-4584-4122-baa0-35497a27f2ef","Expense","Transport",4.66,"2024-02-20 04:43:28","Auto ride","Cash",false,"One-time"
"489cdc8b-f32a-454f-aaeb-d98685aabdef","Expense","Entertainment",70.99,"2024-02-19 18:09:10","Outing with friends","Cash",false,"One-time"
"0266a082-6e33-4f1b-a4bd-2e380f538e7b","Expense","Education",112.11,"2024-02-19 13:39:40","Tuition / books / supplies","Bank Transfer",false,"One-time"
"32b6ef13-5142-4048-a48b-70424569428a","Expense","Transport",22.86,"2024-02-19 04:33:23","Taxi ride","Card",false,"One-time"
"15907fbc-2775-4161-9f25-64f230c2751c","Expense","Transport",7.48,"2024-02-18 03:16:49","Auto ride","Cash",false,"One-time"
"dea0f890-da6d-4ae4-8d00-3a2541c3a556","Expense","Food",12.81,"2024-02-17 17:32:50","Groceries","Cash",false,"One-time"
"ba683b43-ce0d-45bf-a08c-3b929b75cbc1","Expense","Groceries",42.67,"2024-02-17 12:52:34","Restaurant","Card",false,"One-time"
"cb3b265a-054e-4ad4-8a39-e3cf57f7b5b2","Expense","Food",6.26,"2024-02-16 20:11:51","Groceries","Cash",false,"One-time"
"663d55e5-c8c5-407a-a955-c86a38d3cf4d","Expense","Food",17.3,"2024-02-15 01:46:55","Groceries","Card",false,"One-time"
"f9bfefe4-42d7-4b1f-ac0b-32c3e21e686b","Expense","Food",11.42,"2024-02-14 19:52:11","Mess meal","Card",false,"One-time"
"082f2666-40a4-448f-a383-146930c206bd","Expense","Transport",8.57,"2024-02-14 16:58:55","Bus ride","Bank Transfer",false,"One-time"
"7a017cb9-0829-4dad-8f3c-738859460585","Expense","Utilities",93.47,"2024-02-14 14:04:07","Electricity, water, internet","Bank Transfer",true,"Monthly"
"a3aee70a-0ce6-4f14-8470-f52707eeefa8","Expense","Groceries",46.95,"2024-02-13 23:28:57","Restaurant","Card",false,"One-time"
"2f9353bd-984d-4c13-9e8b-9bafb3a78877","Expense","Transport",3.63,"2024-02-12 16:57:18","Bus ride","Bank Transfer",false,"One-time"
"fbf08fcf-bdf2-4e31-92dc-e6bd6f8547a5","Expense","Transport",8.03,"2024-02-12 04:56:53","Metro ride","Cash",false,"One-time"
"bd1a36d2-9ac3-43b4-bc10-461ea9ae8497","Expense","Food",10.46,"2024-02-12 01:55:41","Snacks","Card",false,"One-time"
"7e3ee205-440b-4156-aa68-f1ee2ff913a3","Expense","Food",22.72,"2024-02-10 06:02:50","Snacks","Card",false,"One-time"
"1bdd2346-e4f6-409b-ad76-7dff2291d444","Expense","Transport",8.25,"2024-02-10 05:45:45","Metro ride","Bank Transfer",false,"One-time"
"1b43a728-5856-4465-89c9-c5f3132ef09a","Expense","Food",20.43,"2024-02-08 23:42:40","Snacks","Cash",false,"One-time"
"372c6098-08bf-4a42-b031-319b46efd5da","Expense","Transport",38.74,"2024-02-08 20:23:23","Taxi ride","Cash",false,"One-time"
"d5c08a43-58b4-44fc-bc4d-04c7a39b971b","Expense","Food",15.47,"2024-02-08 18:26:11","Snacks","Cash",false,"One-time"
"7a4f3d82-acff-4c02-99a9-2afe2ccfde59","Expense","Transport",3.51,"2024-02-08 03:12:50","Metro ride","Card",false,"One-time"
"645d4065-31c9-4597-9553-3dab7a06df30","Expense","Transport",5.74,"2024-02-08 03:01:47","Metro ride","Card",false,"One-time"
"ab9ab8bb-f3be-408e-bdfa-787056eef445","Expense","Entertainment",60.35,"2024-02-05 20:19:39","Outing with friends","Card",false,"One-time"
"acd63495-b95c-4f85-962d-20742483a038","Expense","Transport",4.13,"2024-02-05 19:56:05","Bus ride","Bank Transfer",false,"One-time"
"8f4b2dc1-8b22-41b6-b7a2-e9f9156b43eb","Expense","Transport",26.65,"2024-02-05 10:41:04","Taxi ride","Bank Transfer",false,"One-time"
"6afb7749-5838-4ef9-acab-c66eba525de1","Expense","Transport",9.45,"2024-02-05 09:10:10","Auto ride","Cash",false,"One-time"
"078c5cde-5225-4fb2-910f-d7e7bd20cde8","Income","Allowance",913.2,"2024-02-04 19:34:01","Parental support","Bank Transfer",true,"Monthly"
"b4543571-fbf8-439a-9c0d-f54b36a3b626","Expense","Food",21.61,"2024-02-02 11:34:21","Groceries","Bank Transfer",false,"One-time"
"edbdac62-7d1e-4aa8-9445-bf9db4cb2a0c","Expense","Transport",5.47,"2024-02-01 11:35:36","Auto ride","Bank Transfer",false,"One-time"
"2053eb9f-f853-4246-ac58-819b0e50cf69","Expense","Rent",565.56,"2024-02-01 01:15:26","Monthly rent","Bank Transfer",true,"Monthly"
"099ed025-f98d-4ecc-ad18-0de39cf10fbe","Expense","Transport",7.13,"2024-01-28 03:32:49","Bus ride","Bank Transfer",false,"One-time"
"04a5a45d-6681-48df-84d6-9af956da31e7","Expense","Transport",3.82,"2024-01-28 03:18:05","Metro ride","Bank Transfer",false,"One-time"
"b7f63ac9-3f95-402f-b6a5-85511523732e","Expense","Shopping",129.6,"2024-01-27 04:35:46","Stationery","Card",false,"One-time"
"f2362b76-20b4-4cee-9753-4aa161b27a55","Expense","Transport",4.63,"2024-01-26 15:57:53","Metro ride","Bank Transfer",false,"One-time"
"f6664397-5f33-45d7-9e85-80ef3f6ab8f5","Expense","Entertainment",39.38,"2024-01-26 04:08:02","Concert","Card",false,"One-time"
"521b97a7-403a-4014-bde3-21547d9eb8f3","Expense","Groceries",64.06,"2024-01-25 20:31:29","Snacks","Bank Transfer",false,"One-time"
"00ada36e-e32d-42c9-92c2-31ebf09dc705","Expense","Transport",7.63,"2024-01-25 19:51:57","Metro ride","Cash",false,"One-time"
"165322e9-f087-4ad5-8304-7f59f26121af","Expense","Transport",4.13,"2024-01-23 21:25:08","Bus ride","Card",false,"One-time"
"6071e674-5427-4717-9609-cb8092c311d0","Expense","Transport",7.55,"2024-01-21 15:55:23","Bus ride","Bank Transfer",false,"One-time"
"afb3dd2f-0ef7-4624-b565-9eba4d35aa75","Expense","Transport",6.99,"2024-01-21 10:52:08","Bus ride","Card",false,"One-time"
"2532ffea-6f93-4806-891d-e1a886c5defb","Expense","Food",13.99,"2024-01-20 16:24:29","Restaurant","Card",false,"One-time"
"4ef5210a-e392-4554-86d0-c425d437586d","Expense","Food",14.01,"2024-01-20 15:32:09","Snacks","Bank Transfer",false,"One-time"
"534313c4-2fcf-4d73-91b6-39b95fa0109b","Expense","Transport",4.14,"2024-01-19 21:09:58","Auto ride","Bank Transfer",false,"One-time"
"470611e5-693f-4c47-b0ba-5b5ec43e39c1","Income","Part-time",383.8,"2024-01-19 13:36:25","Freelance project","Card",false,"One-time"
"37359844-5e80-4cd3-b2b4-e6a990277b14","Expense","Food",11.21,"2024-01-19 01:22:32","Groceries","Cash",false,"One-time"
"b92cc8fa-195c-439e-be46-50fbb9311b27","Expense","Food",12.46,"2024-01-17 16:39:10","Snacks","Card",false,"One-time"
"5c3d4433-e419-4700-8419-76d854ff07b4","Expense","Transport",3.03,"2024-01-17 11:01:23","Auto ride","Cash",false,"One-time"
"f310b732-fcd7-4742-9067-e71b5b440d13","Expense","Food",12.02,"2024-01-17 06:57:49","Restaurant","Cash",false,"One-time"
"824ec06e-efc6-4e93-a357-c476986ffbac","Expense","Shopping",34.26,"2024-01-15 19:00:57","Electronics","Card",false,"One-time"
"3aefe91d-acf1-48fb-9a00-46161b5fb474","Expense","Transport",27.57,"2024-01-15 14:49:18","Taxi ride","Card",false,"One-time"
"d31281ea-f46d-4838-89db-8ba3f848814f","Expense","Utilities",62.88,"2024-01-14 21:51:22","Electricity, water, internet","Bank Transfer",true,"Monthly"
"8d6bef79-25df-4fe3-bf7c-7f2c1d2e9dc6","Expense","Food",12.92,"2024-01-14 18:25:33","Snacks","Bank Transfer",false,"One-time"
"0581c2ff-36e1-458c-864d-1e3e13c33a86","Expense","Transport",9.74,"2024-01-14 11:43:46","Metro ride","Bank Transfer",false,"One-time"
"77fb3abc-fd98-4580-8274-504a13aaf61c","Expense","Food",20.78,"2024-01-14 10:43:38","Snacks","Cash",false,"One-time"
"17bea7f9-46d6-4cdf-a6fe-efd252badb4a","Income","Part-time",108.34,"2024-01-14 09:07:25","Freelance project","Card",false,"One-time"
"5477063b-fe27-44c8-8db0-c9d749369000","Expense","Transport",2.82,"2024-01-11 15:12:14","Metro ride","Card",false,"One-time"
"fc9db5ad-6f90-42dd-8103-14ae3ae513da","Expense","Food",6.53,"2024-01-11 07:21:49","Mess meal","Bank Transfer",false,"One-time"
"a060e0b2-c0cc-426e-9ed5-d64f0d863679","Expense","Groceries",52.11,"2024-01-11 04:28:04","Snacks","Card",false,"One-time"
"be5c9646-ed85-418e-874d-2a681550d6a0","Expense","Groceries",44.21,"2024-01-11 03:35:43","Restaurant","Card",false,"One-time"
"92da28af-d98a-4a99-8989-d295608a58d8","Expense","Transport",6.04,"2024-01-10 23:50:28","Metro ride","Card",false,"One-time"
"6cf9ca4f-0254-4526-9130-c86f31fa4a6e","Expense","Entertainment",23.42,"2024-01-08 00:20:59","Outing with friends","Cash",false,"One-time"
"a244ad1e-7033-460d-aa19-29cbf71f3ad9","Expense","Food",6.76,"2024-01-06 19:29:53","Mess meal","Cash",false,"One-time"
"4f5da622-7b3b-411c-9c37-91f71e17b7e9","Expense","Transport",8.92,"2024-01-06 06:51:38","Metro ride","Cash",false,"One-time"
"db9608c7-e5f5-4cdd-8f32-3e5c5ecfb884","Expense","Transport",3.04,"2024-01-05 19:24:09","Metro ride","Bank Transfer",false,"One-time"
"89ab1893-dd78-4ef4-8c84-087ec6af83de","Expense","Transport",8.44,"2024-01-05 13:05:58","Metro ride","Card",false,"One-time"
"8a12153c-6a50-422e-9a6b-92c4662df624","Expense","Food",17.05,"2024-01-04 04:16:12","Mess meal","Cash",false,"One-time"
"d0e15ebc-6093-41d0-af56-e6ef8c580135","Expense","Food",9.95,"2024-01-03 16:41:11","Groceries","Card",false,"One-time"
"ff9371d9-5248-4251-aba8-adeae8db3acd","Expense","Rent",549.2,"2024-01-02 12:34:45","Monthly rent","Bank Transfer",true,"Monthly"
"f242427f-88b3-4632-8523-a970580986d7","Expense","Food",17.89,"2024-01-02 11:53:18","Mess meal","Bank Transfer",false,"One-time"
"807cd289-9318-4839-9805-cc27aed33444","Expense","Transport",3.5,"2024-01-01 13:03:25","Auto ride","Cash",false,"One-time"
"4594f694-f10f-4e8b-9276-0f4a6d4d5c2b","Income","Allowance",942.12,"2024-01-01 13:01:29","Parental support","Bank Transfer",true,"Monthly"
"193b779f-49ca-4db9-b836-a455bdc416d9","Expense","Food",20.97,"2023-12-28 04:08:34","Mess meal","Bank Transfer",false,"One-time"
"f589440f-eb2d-47fc-a6af-988cfa04818a","Expense","Food",20.8,"2023-12-28 00:08:00","Restaurant","Bank Transfer",false,"One-time"
"149156cc-34aa-4862-8d1b-3b903a159076","Expense","Transport",3.82,"2023-12-27 22:17:01","Metro ride","Card",false,"One-time"
"4589bad3-a18a-49ad-94af-24476de72c82","Expense","Food",6.37,"2023-12-26 10:15:08","Restaurant","Bank Transfer",false,"One-time"
"7bf3a6df-1c18-4b88-b9b7-2a4cffc7e826","Expense","Transport",9.73,"2023-12-25 13:55:58","Bus ride","Bank Transfer",false,"One-time"
"094b7864-9e24-4ab6-8fdb-481f9ff062f1","Expense","Transport",6.23,"2023-12-24 23:23:51","Metro ride","Bank Transfer",false,"One-time"
"2bde8c5f-257e-4c62-a4fb-f86fc8925ee8","Expense","Transport",31.08,"2023-12-24 21:33:19","Taxi ride","Cash",false,"One-time"
"38c0ff39-c552-4687-8f0a-48549693ace8","Expense","Transport",9.01,"2023-12-24 10:49:36","Bus ride","Cash",false,"One-time"
"ecbfb1e7-e210-45dd-a765-33f808dc301b","Expense","Transport",4.24,"2023-12-23 14:04:57","Bus ride","Cash",false,"One-time"
"22051e02-bab7-4a7e-8e09-dbf460fdbcf5","Expense","Groceries",77.53,"2023-12-23 11:13:28","Snacks","Cash",false,"One-time"
"a5a614a5-4bee-4d23-bcda-27575d928151","Expense","Transport",2.29,"2023-12-22 15:04:05","Bus ride","Cash",false,"One-time"
"d01a421e-273c-41bb-b3dd-db4f38825597","Expense","Food",6.21,"2023-12-22 11:34:57","Snacks","Cash",false,"One-time"
"5063f5ba-4173-40c6-b276-e28fa226879f","Expense","Food",17.98,"2023-12-21 14:58:44","Mess meal","Cash",false,"One-time"
"9c15b04a-5169-4aee-be01-0faad0fc6d25","Expense","Groceries",76.95,"2023-12-21 03:53:31","Snacks","Cash",false,"One-time"
"2a515cb4-8174-4279-a2c1-64f7714c4369","Expense","Transport",6.68,"2023-12-19 07:51:27","Bus ride","Bank Transfer",false,"One-time"
"16e6a148-e78e-4c5e-a39f-420b3406bd8c","Expense","Transport",9.54,"2023-12-19 03:28:32","Metro ride","Cash",false,"One-time"
"f1295398-07d9-4af3-8d94-1175e77b61af","Expense","Transport",4.99,"2023-12-18 17:21:42","Bus ride","Bank Transfer",false,"One-time"
"65a09a1b-7e5b-49e1-90d1-8383ce4cbf07","Income","Part-time",188.55,"2023-12-18 10:58:39","Freelance project","Card",false,"One-time"
"5b4274ee-9244-4f3c-bc75-99f2216f3123","Expense","Transport",17.48,"2023-12-17 09:29:32","Taxi ride","Bank Transfer",false,"One-time"
"c08bba60-c518-4a4c-bb66-0cf7f89e247c","Expense","Groceries",59.37,"2023-12-15 11:42:47","Restaurant","Card",false,"One-time"
"1668483b-b399-4035-8aed-a321c00cd823","Expense","Transport",21.83,"2023-12-14 15:38:28","Taxi ride","Bank Transfer",false,"One-time"
"a7436a06-e1df-4ed2-895b-487519b5127b","Expense","Transport",25.4,"2023-12-14 10:52:29","Taxi ride","Cash",false,"One-time"
"0bb31219-0578-4a87-b4b1-35021cca6366","Expense","Entertainment",72.65,"2023-12-12 13:07:18","Outing with friends","Cash",false,"One-time"
"905bd866-b891-4c4a-833a-7928ec46c628","Expense","Transport",4.68,"2023-12-11 13:20:42","Auto ride","Cash",false,"One-time"
"220861b2-820d-4ce1-ac1f-288ccd0d8f1b","Expense","Transport",6.31,"2023-12-11 11:00:11","Metro ride","Card",false,"One-time"
"dbbb84df-3cae-41f1-b8b5-3abd66d25dbe","Expense","Transport",2.82,"2023-12-10 11:06:36","Metro ride","Card",false,"One-time"
"2f425e00-f6a9-4469-a615-aae6599f1bda","Expense","Utilities",78.19,"2023-12-10 08:34:07","Electricity, water, internet","Bank Transfer",true,"Monthly"
"839493d4-7fd2-42a3-a932-dcb0334f3e1d","Expense","Transport",2.48,"2023-12-08 03:22:54","Auto ride","Card",false,"One-time"
"5ade3dd2-2927-4fb9-891b-50b33cce1ecb","Expense","Transport",2.84,"2023-12-07 12:26:29","Auto ride","Card",false,"One-time"
"5b449837-d2b3-480c-b1fc-b9e71bb3224a","Expense","Food",20.77,"2023-12-07 07:21:49","Mess meal","Card",false,"One-time"
"e64e8e75-d799-4962-8548-d3e858ca3695","Expense","Shopping",72.1,"2023-12-07 04:48:16","Clothes","Card",false,"One-time"
"2d82bebb-9538-40f4-a3fa-3c3ec17c6785","Expense","Transport",3.81,"2023-12-06 19:03:43","Bus ride","Bank Transfer",false,"One-time"
"a7c8016b-d255-4469-a2f5-7984e246646d","Expense","Transport",34.45,"2023-12-04 23:04:30","Taxi ride","Bank Transfer",false,"One-time"
"953d98db-f68c-491c-af19-0d83fe2326cd","Income","Part-time",110.01,"2023-12-04 21:14:30","Freelance project","Card",false,"One-time"
"df9437c7-b122-44e3-a0e5-111c4d3e4549","Expense","Transport",5.16,"2023-12-04 20:41:56","Metro ride","Cash",false,"One-time"
"df581031-1b5b-4ed1-87a6-ed6a1ba24934","Expense","Rent",571.63,"2023-12-04 17:23:05","Monthly rent","Bank Transfer",true,"Monthly"
"4e90c2d4-bdc2-4077-aaca-572c92d7e496","Expense","Food",17.83,"2023-12-04 14:05:42","Mess meal","Cash",false,"One-time"
"149834f9-d427-4927-8b81-237581437b85","Income","Allowance",913.85,"2023-12-03 18:24:52","Parental support","Bank Transfer",true,"Monthly"
"c0b4a0d0-135c-47e5-b271-1a9db5687336","Expense","Transport",2.28,"2023-12-03 04:47:40","Bus ride","Bank Transfer",false,"One-time"
"9e581b1a-cc88-4247-ab04-a8a7f7612fa9","Expense","Transport",4.74,"2023-12-03 04:17:39","Auto ride","Bank Transfer",false,"One-time"
"81641e7b-6db6-42be-b786-f4cc1a018a49","Expense","Transport",32.15,"2023-12-02 15:54:25","Taxi ride","Card",false,"One-time"
"727f62b5-bd7b-4c49-a2b7-6b74a22b7364","Expense","Shopping",29.86,"2023-12-02 07:25:38","Books","Cash",false,"One-time"
"d5e59123-56c4-4369-8235-0cff508d5404","Expense","Food",6.94,"2023-12-02 01:19:31","Restaurant","Card",false,"One-time"
"44490ae4-e86b-456d-b121-21549a31871b","Expense","Transport",7.8,"2023-12-01 05:16:03","Metro ride","Bank Transfer",false,"One-time"
"0e86003c-8435-41b4-b2c1-0ab14e3b6310","Expense","Transport",9.24,"2023-11-28 21:49:47","Bus ride","Bank Transfer",false,"One-time"
"2cd07b03-df79-44eb-abc2-a60460163bd8","Expense","Groceries",73.62,"2023-11-28 17:24:20","Mess meal","Bank Transfer",false,"One-time"
"616744d9-7401-4579-a68a-8e5d4b237693","Expense","Groceries",50.66,"2023-11-27 00:42:55","Restaurant","Bank Transfer",false,"One-time"
"5c58aa44-1564-4782-bee1-68c2dbf827a9","Expense","Transport",6.84,"2023-11-25 21:43:53","Metro ride","Bank Transfer",false,"One-time"
"7cf51387-3b55-4e51-839f-bee992d45d74","Expense","Healthcare",114.15,"2023-11-25 07:55:43","Doctor visit / medicine","Cash",false,"One-time"
"1c1cb1bf-44fa-4720-82c1-103ece706124","Expense","Transport",4.28,"2023-11-24 04:05:58","Auto ride","Card",false,"One-time"
"66c314d6-acdf-4b47-90b5-bdd9a5c316d6","Income","Part-time",478.08,"2023-11-23 15:18:42","Freelance project","Card",false,"One-time"
"af59258b-1305-4e85-813b-959a7dff5273","Expense","Groceries",79.01,"2023-11-23 08:26:53","Restaurant","Card",false,"One-time"
"cdbba0c2-4ab3-4b64-8889-ddc7e7852389","Expense","Food",22.12,"2023-11-23 07:36:24","Groceries","Cash",false,"One-time"
"5b2baeeb-3479-4ef4-b9ff-5c7c8a8f754d","Income","Part-time",231.92,"2023-11-22 03:54:10","Freelance project","Card",false,"One-time"
"03a0ab52-d62a-4d50-b28f-f9bb0008ecb9","Expense","Transport",36.13,"2023-11-21 13:44:16","Taxi ride","Cash",false,"One-time"
"fa77059f-66d3-40d7-b20b-78f5f6d1e747","Expense","Transport",15.83,"2023-11-21 01:19:50","Taxi ride","Card",false,"One-time"
"9e4b3de7-1b4d-4ed4-b937-0017221051fd","Expense","Food",13.93,"2023-11-19 21:31:55","Groceries","Card",false,"One-time"
"86e486df-2d19-4bc0-b3b4-e9f1102c9c9c","Expense","Transport",9.9,"2023-11-18 05:04:28","Auto ride","Card",false,"One-time"
"83b3825d-2525-4fdb-b9b0-e17acd82398e","Expense","Groceries",74.04,"2023-11-18 04:59:18","Groceries","Cash",false,"One-time"
"c2ff7fe1-9b93-4e41-a7e6-a19ca00d0768","Expense","Food",22.28,"2023-11-18 04:24:12","Snacks","Card",false,"One-time"
"cfc0fd6e-34cf-4268-b01e-43be4741adf5","Expense","Food",13.2,"2023-11-17 14:00:46","Restaurant","Cash",false,"One-time"
"eaf6875c-c809-4a97-89c0-6bb6b4e842c2","Expense","Transport",30.95,"2023-11-16 18:09:14","Taxi ride","Card",false,"One-time"
"f08a4c99-82a5-49d5-9eda-dd170e5e92d1","Expense","Transport",6.66,"2023-11-16 09:49:51","Metro ride","Card",false,"One-time"
"e2a7e68c-eaf9-4b47-a445-d0f6041d08f0","Expense","Groceries",62.49,"2023-11-16 08:21:39","Snacks","Bank Transfer",false,"One-time"
"2729f01a-f2fa-499e-bc06-d94f97bc2641","Expense","Transport",29.15,"2023-11-14 04:15:33","Taxi ride","Cash",false,"One-time"
"b8a6b641-f670-4060-9883-9c3a79586e21","Expense","Transport",29.3,"2023-11-13 15:06:15","Taxi ride","Bank Transfer",false,"One-time"
"294d5566-9089-4858-9c9a-43640d55f106","Expense","Groceries",68.0,"2023-11-12 19:48:31","Restaurant","Card",false,"One-time"
"03c6bfc8-43dd-4fbe-95a7-caeeaeacc528","Expense","Utilities",85.39,"2023-11-12 05:37:27","Electricity, water, internet","Bank Transfer",true,"Monthly"
"24bb455d-a0fb-47ca-a28b-f45f97cc2367","Expense","Groceries",49.3,"2023-11-11 23:30:45","Restaurant","Card",false,"One-time"
"ea4ccc72-bf0b-4947-bad6-ce5ded44cacd","Expense","Groceries",52.77,"2023-11-11 17:48:34","Snacks","Cash",false,"One-time"
"1406de68-4355-4c1d-9a4d-1a02abb7365c","Expense","Food",10.66,"2023-11-11 16:17:52","Snacks","Bank Transfer",false,"One-time"
"42adc7e5-b949-449b-af8a-6de0e7b01de1","Expense","Transport",21.86,"2023-11-10 22:18:01","Taxi ride","Bank Transfer",false,"One-time"
"618a8a6d-9494-476c-ac5e-8c2b87ebe2bc","Expense","Transport",3.99,"2023-11-10 00:02:20","Bus ride","Card",false,"One-time"
"631a67e0-072d-41c6-8632-e9a90a4294e5","Expense","Transport",37.53,"2023-11-09 21:00:57","Taxi ride","Bank Transfer",false,"One-time"
"66af1480-67f3-4016-9cd4-5e30407c6fd3","Expense","Shopping",154.38,"2023-11-09 15:51:18","Electronics","Card",false,"One-time"
"7f7dfbdf-9b64-4a05-a849-deee642235d8","Expense","Transport",9.98,"2023-11-08 20:43:58","Auto ride","Bank Transfer",false,"One-time"
"329eeabc-60da-411e-8053-3a9227e66149","Expense","Transport",7.26,"2023-11-08 20:12:39","Auto ride","Bank Transfer",false,"One-time"
"740a4edc-1675-4516-9cca-cbd8a3f1a1fc","Expense","Entertainment",89.5,"2023-11-07 04:50:34","Concert","Cash",false,"One-time"
"f915bc87-06e5-4180-8de3-c0b0c5996892","Expense","Transport",30.49,"2023-11-06 05:05:39","Taxi ride","Cash",false,"One-time"
"dfc90d16-71fb-4c03-882b-a3b006ead146","Expense","Groceries",76.63,"2023-11-04 20:53:09","Snacks","Bank Transfer",false,"One-time"
"e2d865a2-13cd-4a7f-9935-1ce523cc0103","Income","Allowance",890.83,"2023-11-04 02:30:22","Parental support","Bank Transfer",true,"Monthly"
"a67579cf-d29b-4e7b-ac4b-beaa8ce7f4b2","Expense","Transport",5.27,"2023-11-03 13:06:48","Bus ride","Bank Transfer",false,"One-time"
"e0f06cb7-a6f9-41b0-b05a-8b6bbeedbed2","Expense","Rent",557.69,"2023-11-02 15:33:41","Monthly rent","Bank Transfer",true,"Monthly"
"4f59fcd8-9a4d-4d78-ba61-87eae1d72afe","Expense","Food",11.47,"2023-11-02 14:05:20","Groceries","Bank Transfer",false,"One-time"
"22d46be4-8697-483b-9223-871265fb7fd7","Expense","Food",22.39,"2023-11-02 04:32:37","Groceries","Cash",false,"One-time"
"8abd6e23-401c-486a-99a9-8642c6ecd695","Expense","Food",19.2,"2023-11-01 20:38:51","Snacks","Bank Transfer",false,"One-time"
"24b92a00-0a58-413a-8254-8a46d500c923","Expense","Food",24.85,"2023-11-01 17:26:05","Mess meal","Card",false,"One-time"
"e0bb6ff8-bbbe-4e71-b2c1-6b2bd7cf3be0","Expense","Food",12.58,"2023-10-28 14:11:03","Restaurant","Card",false,"One-time"
"9c1ec4c3-924d-48f1-8e6f-52e627a1fbad","Expense","Food",10.58,"2023-10-28 07:53:59","Groceries","Cash",false,"One-time"
"94c563b7-b9e5-4f98-8963-c2e25bea9ce7","Expense","Food",25.0,"2023-10-27 02:30:01","Snacks","Cash",false,"One-time"
"e01ca0c3-c1a9-4750-b9ad-4567be2ffe38","Expense","Food",7.52,"2023-10-27 00:39:09","Mess meal","Bank Transfer",false,"One-time"
"877e028d-e9d9-4384-b6a7-83bb2a00963e","Expense","Transport",7.78,"2023-10-25 22:11:12","Metro ride","Card",false,"One-time"
"28438b7e-5043-48ec-b768-35769c421de5","Expense","Groceries",46.82,"2023-10-25 14:36:39","Groceries","Card",false,"One-time"
"760a2f1c-503d-4660-b935-93ab3552164e","Income","Part-time",481.37,"2023-10-25 12:54:57","Freelance project","Card",false,"One-time"
"7ab8c880-70f2-4cdd-8998-0bbfc6d5f5f4","Expense","Transport",9.83,"2023-10-24 18:48:33","Auto ride","Cash",false,"One-time"
"072ee5fb-0a1a-4832-bc64-2d652acc5945","Expense","Groceries",53.24,"2023-10-24 16:41:17","Snacks","Card",false,"One-time"
"3a2f4c7a-5b45-489a-a761-fe78de9a99b2","Expense","Transport",26.2,"2023-10-23 15:41:45","Taxi ride","Cash",false,"One-time"
"5e83ab02-280e-4246-b717-e4b25059210e","Expense","Entertainment",60.9,"2023-10-23 12:17:32","Concert","Card",false,"One-time"
"8a4c4f87-a744-4b16-8de8-7510d8da1f4d","Expense","Food",7.04,"2023-10-23 06:04:37","Snacks","Bank Transfer",false,"One-time"
"8d039fa8-6f47-4a9c-802c-9ef66de875e2","Expense","Food",21.81,"2023-10-22 21:51:25","Restaurant","Bank Transfer",false,"One-time"
"df000daf-920f-471d-b927-2a8830f28208","Expense","Transport",6.19,"2023-10-22 02:10:15","Metro ride","Cash",false,"One-time"
"2f786f12-6c8d-4f6d-a12d-d242355b664b","Expense","Transport",6.38,"2023-10-21 15:06:55","Bus ride","Card",false,"One-time"
"594da53e-0252-4e97-88e3-e8b29a95c043","Expense","Food",20.08,"2023-10-21 02:49:41","Restaurant","Cash",false,"One-time"
"20270014-9b38-4bf1-b646-5b505a3500a1","Expense","Food",11.94,"2023-10-20 03:50:36","Groceries","Bank Transfer",false,"One-time"
"87525a6f-4d8f-4fba-addd-8ad997b52944","Expense","Entertainment",77.44,"2023-10-20 01:56:27","Outing with friends","Cash",false,"One-time"
"7be57188-63d7-400d-acdb-90e8866d23f3","Expense","Transport",21.77,"2023-10-18 10:22:44","Taxi ride","Card",false,"One-time"
"d00d2bd4-e633-4164-95f5-0a6732e1a6c2","Expense","Food",6.68,"2023-10-18 00:58:25","Groceries","Cash",false,"One-time"
"4736187d-bf52-4424-a497-a0b26152940d","Expense","Transport",3.65,"2023-10-16 14:21:11","Bus ride","Card",false,"One-time"
"fc77dbca-15ea-4847-a0f2-e673883cf407","Expense","Transport",22.63,"2023-10-15 14:19:55","Taxi ride","Bank Transfer",false,"One-time"
"82c818ee-2cef-449c-9798-3c2495acb7e8","Income","Part-time",318.45,"2023-10-14 17:47:47","Freelance project","Card",false,"One-time"
"3c6042b4-264e-406e-bf72-0f0cd912ec5f","Expense","Utilities",94.27,"2023-10-13 18:44:01","Electricity, water, internet","Bank Transfer",true,"Monthly"
"0d24208e-b9ca-4850-87ae-5d2b5035ba8e","Expense","Transport",5.12,"2023-10-12 15:35:33","Auto ride","Bank Transfer",false,"One-time"
"d3f24288-0b71-4625-bb70-f741bd453b93","Expense","Food",5.25,"2023-10-12 02:32:41","Groceries","Card",false,"One-time"
"559d4598-f4a8-4de5-b053-bf9a581b61c3","Expense","Groceries",43.91,"2023-10-11 10:48:56","Groceries","Card",false,"One-time"
"699e7b42-8eed-466a-9cd2-55fdbbf821ff","Expense","Transport",16.78,"2023-10-10 22:18:44","Taxi ride","Cash",false,"One-time"
"e80e0b54-427e-4663-865d-65474c2d507e","Expense","Transport",1.62,"2023-10-10 07:23:11","Auto ride","Bank Transfer",false,"One-time"
"b3730880-0c18-4480-96c2-9cd3afc8c9b8","Expense","Food",16.52,"2023-10-10 03:37:01","Groceries","Card",false,"One-time"
"3839db1b-13d3-4661-b02d-dbec5f7ff27d","Expense","Transport",5.11,"2023-10-09 20:37:42","Metro ride","Bank Transfer",false,"One-time"
"e4a46e22-70fc-413c-ae4a-dcf8737edcd4","Expense","Transport",8.53,"2023-10-08 20:09:58","Auto ride","Cash",false,"One-time"
"b6668a65-9419-4cfb-9058-8cf3e7fde200","Expense","Groceries",54.28,"2023-10-08 15:14:17","Groceries","Card",false,"One-time"
"2fcb2913-e7e6-4730-b45c-f020e54a18a0","Expense","Transport",2.52,"2023-10-08 03:46:12","Auto ride","Bank Transfer",false,"One-time"
"7c21ccc9-cefe-475f-b9d6-c7b513b3d731","Expense","Food",8.36,"2023-10-07 14:44:16","Mess meal","Cash",false,"One-time"
"0dab48d9-01ea-4636-910d-64a56d1ff7d9","Expense","Food",11.81,"2023-10-06 15:13:22","Snacks","Bank Transfer",false,"One-time"
"c068247a-41f2-4f8e-8c03-96cf57aa68d5","Income","Allowance",944.27,"2023-10-05 12:30:00","Parental support","Bank Transfer",true,"Monthly"
"ebe89887-3e45-4baa-9303-e1f0ac1a78e9","Expense","Transport",7.43,"2023-10-05 08:02:03","Auto ride","Cash",false,"One-time"
"38001011-1534-49da-b60d-1e94d9599b85","Expense","Transport",8.09,"2023-10-04 17:48:26","Metro ride","Card",false,"One-time"
"a7ff6de8-6311-43d5-9375-e74fcd96b3c9","Expense","Groceries",65.37,"2023-10-04 13:23:40","Groceries","Cash",false,"One-time"
"979d5077-ed0b-462a-b817-506dcbc73480","Expense","Rent",573.32,"2023-10-04 13:03:13","Monthly rent","Bank Transfer",true,"Monthly"
"d4dd1b1d-4f79-4ed1-b03d-78e92c3c10ff","Expense","Transport",6.4,"2023-10-04 02:25:31","Bus ride","Bank Transfer",false,"One-time"
"7950fa2c-5623-41eb-9f75-32052467e44b","Expense","Transport",4.1,"2023-10-03 09:14:25","Metro ride","Bank Transfer",false,"One-time"
"5e084c0a-8baa-46b5-a88c-9bce87c73da3","Expense","Shopping",174.89,"2023-10-03 07:43:53","Clothes","Bank Transfer",false,"One-time"
"a2e7c0aa-2a20-4e7c-8187-b6162843f1c5","Expense","Transport",6.82,"2023-10-02 19:47:06","Metro ride","Card",false,"One-time"
"a743a203-fba6-4116-bc6c-8562255a6915","Expense","Transport",5.23,"2023-10-02 05:50:19","Auto ride","Card",false,"One-time"
"c313cad2-4dd4-4d5b-bfaa-9e2aabecc629","Expense","Transport",2.22,"2023-10-02 04:09:51","Auto ride","Cash",false,"One-time"
"5093754d-42c2-4ac0-8679-091908554866","Expense","Food",19.4,"2023-10-01 16:12:05","Groceries","Bank Transfer",false,"One-time"
"ea828fb3-47b3-48e2-bb9d-8accb9e4dad2","Expense","Transport",22.28,"2023-10-01 13:28:44","Taxi ride","Cash",false,"One-time"
"e6e9c779-5f9a-4c8e-8f5a-d88ac429bcc3","Expense","Food",8.18,"2023-09-28 23:51:15","Mess meal","Card",false,"One-time"
"44c17684-ccb7-4282-9353-600f6826c1a9","Expense","Food",8.99,"2023-09-28 01:54:30","Groceries","Card",false,"One-time"
"d4bee808-4d1c-4f8a-8836-0bbbe0ccdfbf","Expense","Food",23.78,"2023-09-27 17:19:59","Restaurant","Card",false,"One-time"
"66a6662f-5d29-49b8-8df9-cac18f9e1eb9","Expense","Entertainment",35.34,"2023-09-25 16:31:40","Concert","Card",false,"One-time"
"4a07d39f-5c47-44db-8641-b41f295fc227","Expense","Groceries",63.98,"2023-09-25 08:22:41","Snacks","Cash",false,"One-time"
"249195a2-d55f-4fa3-8123-cb258b101fdc","Expense","Food",22.29,"2023-09-24 04:59:59","Restaurant","Card",false,"One-time"
"a2c06be5-8715-4a15-8ea4-ecffc2fe9315","Expense","Transport",7.62,"2023-09-22 10:39:20","Bus ride","Card",false,"One-time"
"61ff2007-3d53-4e58-becf-38785ea166a7","Expense","Transport",2.75,"2023-09-22 09:14:51","Metro ride","Cash",false,"One-time"
"978dc0b3-4feb-4c0f-9fca-938dd523793f","Expense","Transport",7.1,"2023-09-22 06:32:30","Metro ride","Card",false,"One-time"
"028b2a6d-956d-4b31-8e5c-c42922f16211","Expense","Groceries",57.58,"2023-09-21 08:10:47","Groceries","Bank Transfer",false,"One-time"
"f8629551-116d-4c9d-955b-4c5fedd22556","Expense","Transport",35.76,"2023-09-20 23:57:32","Taxi ride","Bank Transfer",false,"One-time"
"90fbbb1c-283c-459a-8494-0509915c3413","Expense","Transport",4.08,"2023-09-20 18:19:25","Bus ride","Cash",false,"One-time"
"c498922f-d5a5-48e5-87cf-a7ff23fa90ab","Expense","Transport",27.36,"2023-09-19 06:45:44","Taxi ride","Cash",false,"One-time"
"933f3d8f-e2bb-4718-8532-893e2c902e07","Expense","Food",11.17,"2023-09-18 04:27:08","Mess meal","Card",false,"One-time"
"402bc923-3b19-44bb-a494-813da6e8a33d","Expense","Transport",31.93,"2023-09-18 04:12:26","Taxi ride","Cash",false,"One-time"
"8bc7a2fe-f338-4670-9352-4bf1eea7aeff","Expense","Transport",2.29,"2023-09-17 21:40:39","Auto ride","Cash",false,"One-time"
"0ecbde03-7126-4f00-88a7-10aad00fc23a","Expense","Transport",4.92,"2023-09-17 09:42:26","Auto ride","Card",false,"One-time"
"84b69be3-14e9-4f32-981f-d488dd79f2f9","Expense","Transport",9.58,"2023-09-15 04:51:29","Auto ride","Card",false,"One-time"
"245ee4ec-1aa5-4851-9897-e137d7aa6e2e","Expense","Transport",5.45,"2023-09-14 18:38:41","Auto ride","Card",false,"One-time"
"687709ac-548e-4d6f-a854-76a9355b3478","Expense","Transport",4.6,"2023-09-14 00:33:59","Metro ride","Cash",false,"One-time"
"67453fd3-010a-4c02-b223-d3e2c0ade985","Expense","Transport",30.16,"2023-09-12 23:50:20","Taxi ride","Bank Transfer",false,"One-time"
"93e5fb9f-57a2-41ee-a6ad-3242a0180296","Expense","Food",15.11,"2023-09-11 06:43:40","Snacks","Cash",false,"One-time"
"92973d46-7aa8-4812-8af3-6423543cae93","Expense","Food",6.47,"2023-09-11 02:00:29","Restaurant","Bank Transfer",false,"One-time"
"904d049b-e74a-41da-949b-e7704fb26d77","Expense","Utilities",82.61,"2023-09-10 13:42:37","Electricity, water, internet","Bank Transfer",true,"Monthly"
"7af02f74-6b7a-4548-a057-a04900ee74b2","Expense","Food",12.97,"2023-09-10 07:14:01","Snacks","Cash",false,"One-time"
"33c55649-9460-4c07-b39a-9407a8792735","Income","Part-time",358.2,"2023-09-09 12:08:42","Freelance project","Card",false,"One-time"
"7844fd8b-7182-4a3c-ad47-8af21b7253ba","Expense","Transport",2.42,"2023-09-09 05:37:16","Bus ride","Card",false,"One-time"
"7a67dea8-ad0e-4f74-85ba-9690f4194f8b","Expense","Food",22.59,"2023-09-09 04:59:22","Snacks","Card",false,"One-time"
"25b4100a-5fd4-42e0-adc0-c1b1a3e3d40c","Expense","Transport",5.37,"2023-09-08 15:39:54","Bus ride","Bank Transfer",false,"One-time"
"84a1643d-1762-4831-9099-dc2b3824a765","Expense","Shopping",180.74,"2023-09-08 08:21:20","Clothes","Card",false,"One-time"
"b4fbeb67-ca3e-4f8f-9da8-0a787d709b3d","Expense","Food",12.07,"2023-09-07 21:15:42","Groceries","Bank Transfer",false,"One-time"
"610df793-a86a-46ed-835f-8005bc57a240","Expense","Entertainment",53.26,"2023-09-06 23:55:30","Movie","Cash",false,"One-time"
"7c83defc-d2c4-4009-a0bc-b064d7ca7dbb","Expense","Transport",6.24,"2023-09-06 22:33:29","Bus ride","Cash",false,"One-time"
"d22a01ff-e4ce-45c5-a54a-3c7a7f540cf9","Expense","Food",17.23,"2023-09-06 14:53:34","Mess meal","Bank Transfer",false,"One-time"
"f6e88d12-fc64-4b59-bfe5-735819c5f221","Expense","Transport",8.12,"2023-09-05 20:44:00","Bus ride","Cash",false,"One-time"
"5f372020-93e8-4d6d-87db-feaa6aa1a929","Expense","Rent",541.59,"2023-09-05 07:37:38","Monthly rent","Bank Transfer",true,"Monthly"
"491663cd-1257-4c0c-9e4f-0b3e1839da87","Expense","Shopping",47.5,"2023-09-05 07:24:44","Books","Card",false,"One-time"
"667265c5-1de2-4dad-a94f-fea04e78923c","Expense","Transport",3.67,"2023-09-04 12:57:36","Metro ride","Bank Transfer",false,"One-time"
"8792220e-38fb-41d3-9c3c-1fd1c349898a","Expense","Food",10.45,"2023-09-04 03:47:35","Restaurant","Bank Transfer",false,"One-time"
"7b4bf654-ec71-4719-8efc-881c4cc46648","Expense","Food",5.88,"2023-09-03 20:27:53","Snacks","Cash",false,"One-time"
"6ba00f87-6f22-4915-a52a-227356cba388","Income","Allowance",921.62,"2023-09-03 08:13:42","Parental support","Bank Transfer",true,"Monthly"
"f72acc30-50cb-4472-9b2f-c88f95b90479","Expense","Food",20.65,"2023-09-01 05:47:59","Groceries","Bank Transfer",false,"One-time"
"f6f36055-3a19-473e-a6e9-6f85733c10cf","Expense","Food",15.91,"2023-09-01 03:04:56","Snacks","Bank Transfer",false,"One-time"
"b5ff1f77-d373-49f6-ab93-e8bb15b6f1e5","Expense","Transport",3.87,"2023-08-28 10:04:32","Metro ride","Card",false,"One-time"
"77ef4e2c-51ad-4b28-b885-37b9044848a3","Expense","Transport",8.23,"2023-08-28 03:09:40","Metro ride","Card",false,"One-time"
"0f5f6a5a-d1cf-48fe-aeeb-09ad1223ffb3","Expense","Transport",7.29,"2023-08-28 00:43:46","Bus ride","Bank Transfer",false,"One-time"
"4e0da078-9210-422b-a8f0-71fa9b134038","Expense","Transport",8.96,"2023-08-27 09:15:03","Metro ride","Cash",false,"One-time"
"a3a4763c-16e4-4d67-bb60-347efc4a112a","Expense","Groceries",43.39,"2023-08-27 01:51:20","Restaurant","Bank Transfer",false,"One-time"
"1f1e7992-1b18-4eb4-acc4-bab6fe52d0d2","Expense","Transport",7.1,"2023-08-26 13:12:06","Bus ride","Card",false,"One-time"
"eec4624c-bd21-41c2-a074-023d11fafb6f","Expense","Transport",4.89,"2023-08-25 23:44:12","Auto ride","Bank Transfer",false,"One-time"
"bf6f9247-c5a1-4bb5-a3ca-dc521cd54d0e","Expense","Transport",2.45,"2023-08-25 08:49:41","Auto ride","Card",false,"One-time"
"c8ea52d4-e386-489a-ba7a-5b2428588b5b","Expense","Transport",38.67,"2023-08-25 04:08:42","Taxi ride","Cash",false,"One-time"
"4fbddc48-838c-4e37-93de-c4d03e0dd822","Expense","Groceries",49.78,"2023-08-23 10:13:41","Groceries","Cash",false,"One-time"
"f35daee4-697a-4b90-82af-47e230ac1bb0","Expense","Food",21.86,"2023-08-21 22:35:14","Mess meal","Cash",false,"One-time"
"f77a4968-c391-4350-82d1-317344ccd23a","Expense","Transport",18.03,"2023-08-21 11:28:57","Taxi ride","Cash",false,"One-time"
"d501f9d6-6299-4048-a4af-75978e5088fe","Expense","Food",8.27,"2023-08-21 05:34:46","Groceries","Card",false,"One-time"
"b4444525-4f27-4f2a-b3e9-e3dc126f37e5","Expense","Food",5.92,"2023-08-20 11:36:12","Restaurant","Card",false,"One-time"
"38671cb7-9283-4c91-8c93-e5c112b7e050","Expense","Transport",6.08,"2023-08-20 06:09:23","Metro ride","Bank Transfer",false,"One-time"
"5d69bdaf-467f-4e5f-a63f-36ec6047c5bb","Expense","Transport",28.23,"2023-08-20 02:24:24","Taxi ride","Bank Transfer",false,"One-time"
"50e55d48-a95d-46d6-a953-03a8c88c4b68","Expense","Transport",8.65,"2023-08-17 03:55:40","Auto ride","Bank Transfer",false,"One-time"
"5e914889-1f40-469a-a26b-aff22cb59465","Expense","Shopping",32.33,"2023-08-17 02:54:11","Clothes","Bank Transfer",false,"One-time"
"86ce0a08-675e-4093-a48c-bb39cf6b2f47","Expense","Food",20.18,"2023-08-15 18:17:51","Restaurant","Bank Transfer",false,"One-time"
"c690a745-d18d-4b29-bc47-6d14a4ad0d66","Expense","Groceries",33.94,"2023-08-15 17:07:59","Snacks","Bank Transfer",false,"One-time"
"b36c622b-1979-4df8-9b3d-38c7e88f6a39","Expense","Entertainment",62.24,"2023-08-14 22:46:50","Outing with friends","Cash",false,"One-time"
"684e6f9a-30f2-421a-a1c4-52eb2a620acc","Expense","Transport",7.22,"2023-08-14 13:29:55","Bus ride","Bank Transfer",false,"One-time"
"811a5049-8bfe-475b-ac88-faad19f50e81","Expense","Food",24.14,"2023-08-14 10:17:09","Snacks","Cash",false,"One-time"
"b99aaa0b-c85a-4040-9879-c76f8822f26f","Expense","Food",19.04,"2023-08-12 11:13:42","Mess meal","Bank Transfer",false,"One-time"
"ad0bb248-f1fa-45a5-9493-40174ec2a0b3","Expense","Transport",17.27,"2023-08-12 07:08:32","Taxi ride","Cash",false,"One-time"
"f308b36d-089a-499d-ae6a-e457e6a2ebb8","Expense","Utilities",89.63,"2023-08-11 23:06:43","Electricity, water, internet","Bank Transfer",true,"Monthly"
"4bfdf3d6-68f3-4409-95bf-09a41d01b1eb","Expense","Transport",39.11,"2023-08-09 16:55:38","Taxi ride","Bank Transfer",false,"One-time"
"0f68b480-c01a-47ba-b838-d0a087bf0a18","Expense","Transport",5.27,"2023-08-09 14:15:55","Bus ride","Bank Transfer",false,"One-time"
"a7ab4688-9ed6-49b1-a2c2-17a60e86c35c","Expense","Food",19.94,"2023-08-09 04:15:47","Groceries","Bank Transfer",false,"One-time"
"2bb18e21-a1d9-409a-83c7-a523d0c20de1","Expense","Food",19.32,"2023-08-08 16:38:01","Groceries","Cash",false,"One-time"
"d3e6d01a-8a74-44c7-8f82-9dba8f7118ff","Expense","Transport",18.5,"2023-08-08 06:12:34","Taxi ride","Cash",false,"One-time"
"108272aa-2a61-4760-a105-d98b1751059b","Expense","Transport",21.07,"2023-08-07 17:08:46","Taxi ride","Card",false,"One-time"
"736b4cdc-98a4-4a46-8bbb-a24f8542541f","Expense","Transport",9.76,"2023-08-06 14:00:46","Auto ride","Cash",false,"One-time"
"9652d66a-979b-4a5f-a09f-6e4c8880766d","Expense","Transport",8.85,"2023-08-06 13:31:30","Metro ride","Cash",false,"One-time"
"3c7ef96c-1b50-4df3-ba10-19c9747f2427","Expense","Transport",9.38,"2023-08-06 12:00:24","Auto ride","Card",false,"One-time"
"7fe8e9fc-d18c-40a7-9d91-cee7098d86b2","Expense","Entertainment",97.34,"2023-08-05 06:18:13","Outing with friends","Card",false,"One-time"
"a79cf072-da9d-4d01-b813-e6104a570159","Income","Allowance",853.18,"2023-08-05 02:37:27","Parental support","Bank Transfer",true,"Monthly"
"b7b7df47-36ba-43f0-8602-3fa0fd6ad1be","Expense","Transport",9.74,"2023-08-04 01:41:34","Bus ride","Cash",false,"One-time"
"d66c8c8c-784d-46b9-8b95-efe2e17a6fca","Expense","Transport",8.31,"2023-08-04 01:25:46","Auto ride","Cash",false,"One-time"
"a23f0743-7a0d-4a21-896c-b90a01c8639b","Expense","Transport",9.81,"2023-08-03 23:31:52","Bus ride","Bank Transfer",false,"One-time"
"880bdd70-29d2-409e-8de5-5f90390e70f3","Expense","Transport",2.07,"2023-08-03 22:40:03","Metro ride","Cash",false,"One-time"
"fbaf310c-9d5c-42d7-908f-78d94d4355ef","Expense","Food",17.07,"2023-08-03 12:06:22","Mess meal","Bank Transfer",false,"One-time"
"ba06befc-2a69-423e-a64b-1dc846c6d41a","Expense","Transport",6.5,"2023-08-03 10:01:37","Metro ride","Cash",false,"One-time"
"48782658-f687-4adb-80bf-631680452b27","Expense","Groceries",43.9,"2023-08-03 07:55:06","Snacks","Cash",false,"One-time"
"1035214b-c1f1-4b59-bdb0-c8323a05c55a","Expense","Shopping",110.51,"2023-08-02 01:37:30","Books","Card",false,"One-time"
"49acc9b4-3285-4588-bea7-8f348b529b1a","Expense","Transport",2.45,"2023-08-01 19:20:31","Bus ride","Card",false,"One-time"
"3f4619ab-3821-4b59-bf7a-d7ed65d155e0","Expense","Rent",549.8,"2023-08-01 00:47:17","Monthly rent","Bank Transfer",true,"Monthly"
